>>> Running in single-GPU/non-distributed mode.
>>> Using subsets and weights:
    - coco_colors: weight=1.0
    - densefusion_1m: weight=1.0
    - face_emotion: weight=1.0
    - google_landmarks: weight=1.0
    - laion_gpt4v: weight=1.0
    - sharegpt4o: weight=1.0
    - sharegpt4v(coco): weight=1.0
    - sharegpt4v(llava): weight=1.0
    - sharegpt4v(knowledge): weight=1.0
    - sharegpt4v(sam): weight=1.0
>>> Using output_dir: ./outputs/siglip2-base-patch16-224_qwen2.5-0.5b-instruct_stage2_20260522_153940/stage2
>>> Loading Model and Processor...
>>> Kernel config: tilegym=True, liger=False, fused_ce=True
>>> Gradient checkpointing: False
[2026-05-22 15:39:40] [tilegym.transformers.monkey_patch] [INFO] [logger.py:195] --------------------------------
[2026-05-22 15:39:40] [tilegym.transformers.monkey_patch] [INFO] [logger.py:195] apply_tilegym_kernel_to_qwen2
[2026-05-22 15:39:40] [tilegym.transformers.monkey_patch] [INFO] [logger.py:195] --------------------------------
[2026-05-22 15:39:40] [tilegym.backend.selector] [INFO] [logger.py:195] Set backend to cutile
>>> TileGym applied (cuTile DSL): RoPE + RMSNorm + SwiGLU + FA4 attention
>>> TileGym attention wrapped with SDPA fallback for non-Qwen2 models
>>> + fused_linear_cross_entropy (chunked, never materializes [BT,V] logits)
Loading weights:   0%|          | 0/499 [00:00<?, ?it/s]Loading weights: 100%|██████████| 499/499 [00:00<00:00, 15501.21it/s]
DEBUG - Model pixel_shuffle_factor: 2
DEBUG - Processor pixel_shuffle_factor: 2
DEBUG - Processor tokens_per_tile: 49
Total model parameters: 589,669,504 | Vision model parameters: 92,884,224 (15.75%) | Text model parameters: 494,032,768 (83.78%) | Projector parameters: 2,752,512 (0.47%) | Trainable model parameters: 496,785,280, (84.25%)
SiQ_VLConfig {
  "architectures": [
    "SiQ_VLForCausalLM"
  ],
  "bos_token_id": null,
  "dtype": "bfloat16",
  "eos_token_id": 151645,
  "ignore_token_index": -100,
  "image_token_index": 151655,
  "model_type": "siq_vl",
  "pad_token_id": 151643,
  "projector_config": {
    "_name_or_path": "",
    "architectures": null,
    "chunk_size_feed_forward": 0,
    "dtype": "bfloat16",
    "hidden_act": "silu",
    "id2label": {
      "0": "LABEL_0",
      "1": "LABEL_1"
    },
    "is_encoder_decoder": false,
    "label2id": {
      "LABEL_0": 0,
      "LABEL_1": 1
    },
    "model_type": "siq_vl",
    "output_attentions": false,
    "output_hidden_states": false,
    "problem_type": null,
    "return_dict": true,
    "text_hidden_size": 896,
    "vision_hidden_size": 768,
    "vision_pixel_shuffle_factor": 2
  },
  "text_config": {
    "_name_or_path": "",
    "architectures": [
      "Qwen2ForCausalLM"
    ],
    "attention_dropout": 0.0,
    "bos_token_id": 151643,
    "chunk_size_feed_forward": 0,
    "dtype": "bfloat16",
    "eos_token_id": 151645,
    "hidden_act": "silu",
    "hidden_size": 896,
    "id2label": {
      "0": "LABEL_0",
      "1": "LABEL_1"
    },
    "initializer_range": 0.02,
    "intermediate_size": 4864,
    "is_encoder_decoder": false,
    "label2id": {
      "LABEL_0": 0,
      "LABEL_1": 1
    },
    "layer_types": [
      "full_attention",
      "full_attention",
      "full_attention",
      "full_attention",
      "full_attention",
      "full_attention",
      "full_attention",
      "full_attention",
      "full_attention",
      "full_attention",
      "full_attention",
      "full_attention",
      "full_attention",
      "full_attention",
      "full_attention",
      "full_attention",
      "full_attention",
      "full_attention",
      "full_attention",
      "full_attention",
      "full_attention",
      "full_attention",
      "full_attention",
      "full_attention"
    ],
    "max_position_embeddings": 32768,
    "max_window_layers": 21,
    "model_type": "siq_vl",
    "num_attention_heads": 14,
    "num_hidden_layers": 24,
    "num_key_value_heads": 2,
    "output_attentions": false,
    "output_hidden_states": false,
    "pad_token_id": null,
    "problem_type": null,
    "return_dict": true,
    "rms_norm_eps": 1e-06,
    "rope_parameters": {
      "rope_theta": 1000000.0,
      "rope_type": "default"
    },
    "sliding_window": null,
    "tie_word_embeddings": true,
    "use_cache": true,
    "use_sliding_window": false,
    "vocab_size": 151936
  },
  "transformers_version": "5.3.0",
  "vision_config": {
    "_name_or_path": "",
    "architectures": null,
    "attention_dropout": 0.0,
    "chunk_size_feed_forward": 0,
    "dtype": "bfloat16",
    "hidden_act": "gelu_pytorch_tanh",
    "hidden_size": 768,
    "id2label": {
      "0": "LABEL_0",
      "1": "LABEL_1"
    },
    "image_size": 224,
    "intermediate_size": 3072,
    "is_encoder_decoder": false,
    "label2id": {
      "LABEL_0": 0,
      "LABEL_1": 1
    },
    "layer_norm_eps": 1e-06,
    "model_type": "siq_vl",
    "num_attention_heads": 12,
    "num_channels": 3,
    "num_hidden_layers": 12,
    "output_attentions": false,
    "output_hidden_states": false,
    "patch_size": 16,
    "problem_type": null,
    "return_dict": true
  },
  "vision_end_token_index": 151653,
  "vision_start_token_index": 151652
}

SiQ_VLTextConfig {
  "architectures": [
    "Qwen2ForCausalLM"
  ],
  "attention_dropout": 0.0,
  "bos_token_id": 151643,
  "dtype": "bfloat16",
  "eos_token_id": 151645,
  "hidden_act": "silu",
  "hidden_size": 896,
  "initializer_range": 0.02,
  "intermediate_size": 4864,
  "layer_types": [
    "full_attention",
    "full_attention",
    "full_attention",
    "full_attention",
    "full_attention",
    "full_attention",
    "full_attention",
    "full_attention",
    "full_attention",
    "full_attention",
    "full_attention",
    "full_attention",
    "full_attention",
    "full_attention",
    "full_attention",
    "full_attention",
    "full_attention",
    "full_attention",
    "full_attention",
    "full_attention",
    "full_attention",
    "full_attention",
    "full_attention",
    "full_attention"
  ],
  "max_position_embeddings": 32768,
  "max_window_layers": 21,
  "model_type": "siq_vl",
  "num_attention_heads": 14,
  "num_hidden_layers": 24,
  "num_key_value_heads": 2,
  "pad_token_id": null,
  "rms_norm_eps": 1e-06,
  "rope_parameters": {
    "rope_theta": 1000000.0,
    "rope_type": "default"
  },
  "sliding_window": null,
  "tie_word_embeddings": true,
  "transformers_version": "5.3.0",
  "use_cache": true,
  "use_sliding_window": false,
  "vocab_size": 151936
}

SiQ_VLVisionConfig {
  "attention_dropout": 0.0,
  "dtype": "bfloat16",
  "hidden_act": "gelu_pytorch_tanh",
  "hidden_size": 768,
  "image_size": 224,
  "intermediate_size": 3072,
  "layer_norm_eps": 1e-06,
  "model_type": "siq_vl",
  "num_attention_heads": 12,
  "num_channels": 3,
  "num_hidden_layers": 12,
  "patch_size": 16,
  "transformers_version": "5.3.0"
}

SiQ_VLProjectorConfig {
  "dtype": "bfloat16",
  "hidden_act": "silu",
  "model_type": "siq_vl",
  "text_hidden_size": 896,
  "transformers_version": "5.3.0",
  "vision_hidden_size": 768,
  "vision_pixel_shuffle_factor": 2
}

>>> Loading Dataset...
>>> Loading subset 'coco_colors' (weight=1.0)...
Warning: You are sending unauthenticated requests to the HF Hub. Please set a HF_TOKEN to enable higher rate limits and faster downloads.
>>> Loaded coco_colors: 118287 samples
>>> Loading subset 'densefusion_1m' (weight=1.0)...
>>> Loaded densefusion_1m: 1058751 samples
>>> Loading subset 'face_emotion' (weight=1.0)...
>>> Loaded face_emotion: 797 samples
>>> Loading subset 'google_landmarks' (weight=1.0)...
>>> Loaded google_landmarks: 299993 samples
>>> Loading subset 'laion_gpt4v' (weight=1.0)...
>>> Loaded laion_gpt4v: 9301 samples
>>> Loading subset 'sharegpt4o' (weight=1.0)...
>>> Loaded sharegpt4o: 57284 samples
>>> Loading subset 'sharegpt4v(coco)' (weight=1.0)...
>>> Loaded sharegpt4v(coco): 50017 samples
>>> Loading subset 'sharegpt4v(llava)' (weight=1.0)...
>>> Loaded sharegpt4v(llava): 29986 samples
>>> Loading subset 'sharegpt4v(knowledge)' (weight=1.0)...
>>> Loaded sharegpt4v(knowledge): 1988 samples
>>> Loading subset 'sharegpt4v(sam)' (weight=1.0)...
>>> Loaded sharegpt4v(sam): 8990 samples
>>> Building dataset mixture:
    - coco_colors: probability=0.1000
    - densefusion_1m: probability=0.1000
    - face_emotion: probability=0.1000
    - google_landmarks: probability=0.1000
    - laion_gpt4v: probability=0.1000
    - sharegpt4o: probability=0.1000
    - sharegpt4v(coco): probability=0.1000
    - sharegpt4v(llava): probability=0.1000
    - sharegpt4v(knowledge): probability=0.1000
    - sharegpt4v(sam): probability=0.1000
>>> Concatenated dataset: 1635394 samples (instant)
>>> Creating VQADataset (standard Dataset with DistributedSampler support)...
>>> Packing: seq_length=1024, ProcessedVQADataset + PackingCollator
>>> Train Dataset: ProcessedVQADataset, len=1635344
>>> Eval Dataset: VQADataset, len=50
>>> Using user-specified max_steps=50
>>> Generated run name: siglip2-base-patch16-224_qwen2.5-0.5b-instruct_stage2_20260522_153952
>>> Setting WANDB_PROJECT to: siq-vl
>>> Saving custom model code files to checkpoint directory...
>>> Preparing to copy /home/duo.an/workspaces/SiQ_VL/siq_vl/model/modeling.py... ./outputs/siglip2-base-patch16-224_qwen2.5-0.5b-instruct_stage2_20260522_153940/stage2
>>> Copied modeling.py to ./outputs/siglip2-base-patch16-224_qwen2.5-0.5b-instruct_stage2_20260522_153940/stage2/modeling.py
>>> Preparing to copy /home/duo.an/workspaces/SiQ_VL/siq_vl/model/configuration.py... ./outputs/siglip2-base-patch16-224_qwen2.5-0.5b-instruct_stage2_20260522_153940/stage2
>>> Copied configuration.py to ./outputs/siglip2-base-patch16-224_qwen2.5-0.5b-instruct_stage2_20260522_153940/stage2/configuration.py
>>> Preparing to copy /home/duo.an/workspaces/SiQ_VL/siq_vl/model/processing.py... ./outputs/siglip2-base-patch16-224_qwen2.5-0.5b-instruct_stage2_20260522_153940/stage2
>>> Copied processing.py to ./outputs/siglip2-base-patch16-224_qwen2.5-0.5b-instruct_stage2_20260522_153940/stage2/processing.py
>>> Preparing to copy /home/duo.an/workspaces/SiQ_VL/README.md... ./outputs/siglip2-base-patch16-224_qwen2.5-0.5b-instruct_stage2_20260522_153940/stage2
>>> Copied README.md to ./outputs/siglip2-base-patch16-224_qwen2.5-0.5b-instruct_stage2_20260522_153940/stage2/README.md
>>> All callbacks DISABLED (max throughput mode)
>>> DEBUG: Checking first batch shape...
  input_ids: torch.Size([22, 1024])
  labels: torch.Size([22, 1024])
  pixel_values: torch.Size([64, 3, 224, 224])
  attention_mask: torch.Size([22, 1024])
>>> Start Training...
  0%|          | 0/50 [00:00<?, ?it/s]Autotune Choices Stats:
{"num_choices": 8, "num_triton_choices": 7, "best_kernel": "convolution", "best_time": 0.4984639883041382, "best_triton_pos": 1, "best_triton_time": 0.5549759864807129, "best_triton_kernel": "triton_convolution2d_4", "best_triton_kernel_desc": "ALLOW_TF32=True, BLOCK_K=16, BLOCK_M=64, BLOCK_N=64, GROUPS=1, KERNEL_H=16, KERNEL_W=16, PADDING_H=0, PADDING_W=0, STRIDE_H=16, STRIDE_W=16, UNROLL=False, num_stages=2, num_warps=4"}
AUTOTUNE convolution(64x3x224x224, 768x3x16x16)
strides: [150528, 1, 672, 3], [768, 1, 48, 3]
dtypes: torch.bfloat16, torch.bfloat16
  convolution 0.4985 ms 100.0% 
  triton_convolution2d_4 0.5550 ms 89.8% ALLOW_TF32=True, BLOCK_K=16, BLOCK_M=64, BLOCK_N=64, GROUPS=1, KERNEL_H=16, KERNEL_W=16, PADDING_H=0, PADDING_W=0, STRIDE_H=16, STRIDE_W=16, UNROLL=False, num_stages=2, num_warps=4
  triton_convolution2d_3 0.6301 ms 79.1% ALLOW_TF32=True, BLOCK_K=16, BLOCK_M=128, BLOCK_N=128, GROUPS=1, KERNEL_H=16, KERNEL_W=16, PADDING_H=0, PADDING_W=0, STRIDE_H=16, STRIDE_W=16, UNROLL=False, num_stages=2, num_warps=8
  triton_convolution2d_5 0.6983 ms 71.4% ALLOW_TF32=True, BLOCK_K=16, BLOCK_M=64, BLOCK_N=256, GROUPS=1, KERNEL_H=16, KERNEL_W=16, PADDING_H=0, PADDING_W=0, STRIDE_H=16, STRIDE_W=16, UNROLL=False, num_stages=2, num_warps=8
  triton_convolution2d_6 0.7670 ms 65.0% ALLOW_TF32=True, BLOCK_K=16, BLOCK_M=256, BLOCK_N=64, GROUPS=1, KERNEL_H=16, KERNEL_W=16, PADDING_H=0, PADDING_W=0, STRIDE_H=16, STRIDE_W=16, UNROLL=False, num_stages=2, num_warps=8
  triton_convolution2d_0 0.8428 ms 59.1% ALLOW_TF32=True, BLOCK_K=16, BLOCK_M=64, BLOCK_N=256, GROUPS=1, KERNEL_H=16, KERNEL_W=16, PADDING_H=0, PADDING_W=0, STRIDE_H=16, STRIDE_W=16, UNROLL=False, num_stages=2, num_warps=4
  triton_convolution2d_1 1.4561 ms 34.2% ALLOW_TF32=True, BLOCK_K=16, BLOCK_M=256, BLOCK_N=64, GROUPS=1, KERNEL_H=16, KERNEL_W=16, PADDING_H=0, PADDING_W=0, STRIDE_H=16, STRIDE_W=16, UNROLL=False, num_stages=2, num_warps=4
  triton_convolution2d_2 1.9445 ms 25.6% ALLOW_TF32=True, BLOCK_K=16, BLOCK_M=1024, BLOCK_N=16, GROUPS=1, KERNEL_H=16, KERNEL_W=16, PADDING_H=0, PADDING_W=0, STRIDE_H=16, STRIDE_W=16, UNROLL=False, num_stages=1, num_warps=8
SingleProcess AUTOTUNE benchmarking takes 0.4192 seconds and 0.6108 seconds precompiling for 8 choices
Autotune Choices Stats:
{"num_choices": 17, "num_triton_choices": 15, "best_kernel": "triton_mm_14", "best_kernel_desc": "ACC_TYPE='tl.float32', ALLOW_TF32=True, BLOCK_K=32, BLOCK_M=64, BLOCK_N=128, EVEN_K=True, GROUP_M=8, USE_FAST_ACCUM=False, num_stages=3, num_warps=4", "best_time": 0.07168000191450119, "best_triton_pos": 0}
AUTOTUNE addmm(12544x768, 12544x768, 768x768)
strides: [0, 1], [768, 1], [1, 768]
dtypes: torch.bfloat16, torch.bfloat16, torch.bfloat16
  triton_mm_14 0.0717 ms 100.0% ACC_TYPE='tl.float32', ALLOW_TF32=True, BLOCK_K=32, BLOCK_M=64, BLOCK_N=128, EVEN_K=True, GROUP_M=8, USE_FAST_ACCUM=False, num_stages=3, num_warps=4
  triton_mm_16 0.0730 ms 98.2% ACC_TYPE='tl.float32', ALLOW_TF32=True, BLOCK_K=64, BLOCK_M=64, BLOCK_N=128, EVEN_K=True, GROUP_M=8, USE_FAST_ACCUM=False, num_stages=3, num_warps=4
  triton_mm_17 0.0731 ms 98.0% ACC_TYPE='tl.float32', ALLOW_TF32=True, BLOCK_K=32, BLOCK_M=128, BLOCK_N=64, EVEN_K=True, GROUP_M=8, USE_FAST_ACCUM=False, num_stages=3, num_warps=4
  bias_addmm 0.0736 ms 97.4% 
  triton_mm_20 0.0745 ms 96.3% ACC_TYPE='tl.float32', ALLOW_TF32=True, BLOCK_K=32, BLOCK_M=128, BLOCK_N=128, EVEN_K=True, GROUP_M=8, USE_FAST_ACCUM=False, num_stages=3, num_warps=4
  triton_mm_15 0.0758 ms 94.6% ACC_TYPE='tl.float32', ALLOW_TF32=True, BLOCK_K=32, BLOCK_M=64, BLOCK_N=128, EVEN_K=True, GROUP_M=8, USE_FAST_ACCUM=False, num_stages=4, num_warps=8
  triton_mm_18 0.0772 ms 92.8% ACC_TYPE='tl.float32', ALLOW_TF32=True, BLOCK_K=32, BLOCK_M=128, BLOCK_N=64, EVEN_K=True, GROUP_M=8, USE_FAST_ACCUM=False, num_stages=4, num_warps=8
  triton_mm_13 0.0797 ms 90.0% ACC_TYPE='tl.float32', ALLOW_TF32=True, BLOCK_K=64, BLOCK_M=64, BLOCK_N=64, EVEN_K=True, GROUP_M=8, USE_FAST_ACCUM=False, num_stages=3, num_warps=8
  triton_mm_21 0.0799 ms 89.7% ACC_TYPE='tl.float32', ALLOW_TF32=True, BLOCK_K=64, BLOCK_M=128, BLOCK_N=128, EVEN_K=True, GROUP_M=8, USE_FAST_ACCUM=False, num_stages=3, num_warps=4
  addmm 0.0842 ms 85.2% 
SingleProcess AUTOTUNE benchmarking takes 0.5608 seconds and 0.3847 seconds precompiling for 17 choices
Autotune Choices Stats:
{"num_choices": 16, "num_triton_choices": 15, "best_kernel": "triton_mm_80", "best_kernel_desc": "ACC_TYPE='tl.float32', ALLOW_TF32=True, BLOCK_K=32, BLOCK_M=128, BLOCK_N=128, EVEN_K=True, GROUP_M=8, USE_FAST_ACCUM=False, num_stages=3, num_warps=4", "best_time": 0.17817600071430206, "best_triton_pos": 0}
AUTOTUNE mm(12544x768, 768x3072)
strides: [768, 1], [1, 768]
dtypes: torch.bfloat16, torch.bfloat16
  triton_mm_80 0.1782 ms 100.0% ACC_TYPE='tl.float32', ALLOW_TF32=True, BLOCK_K=32, BLOCK_M=128, BLOCK_N=128, EVEN_K=True, GROUP_M=8, USE_FAST_ACCUM=False, num_stages=3, num_warps=4
  triton_mm_77 0.1986 ms 89.7% ACC_TYPE='tl.float32', ALLOW_TF32=True, BLOCK_K=32, BLOCK_M=128, BLOCK_N=64, EVEN_K=True, GROUP_M=8, USE_FAST_ACCUM=False, num_stages=3, num_warps=4
  triton_mm_74 0.1994 ms 89.3% ACC_TYPE='tl.float32', ALLOW_TF32=True, BLOCK_K=32, BLOCK_M=64, BLOCK_N=128, EVEN_K=True, GROUP_M=8, USE_FAST_ACCUM=False, num_stages=3, num_warps=4
  triton_mm_75 0.2007 ms 88.8% ACC_TYPE='tl.float32', ALLOW_TF32=True, BLOCK_K=32, BLOCK_M=64, BLOCK_N=128, EVEN_K=True, GROUP_M=8, USE_FAST_ACCUM=False, num_stages=4, num_warps=8
  triton_mm_78 0.2027 ms 87.9% ACC_TYPE='tl.float32', ALLOW_TF32=True, BLOCK_K=32, BLOCK_M=128, BLOCK_N=64, EVEN_K=True, GROUP_M=8, USE_FAST_ACCUM=False, num_stages=4, num_warps=8
  mm 0.2048 ms 87.0% 
  triton_mm_76 0.2108 ms 84.5% ACC_TYPE='tl.float32', ALLOW_TF32=True, BLOCK_K=64, BLOCK_M=64, BLOCK_N=128, EVEN_K=True, GROUP_M=8, USE_FAST_ACCUM=False, num_stages=3, num_warps=4
  triton_mm_81 0.2130 ms 83.7% ACC_TYPE='tl.float32', ALLOW_TF32=True, BLOCK_K=64, BLOCK_M=128, BLOCK_N=128, EVEN_K=True, GROUP_M=8, USE_FAST_ACCUM=False, num_stages=3, num_warps=4
  triton_mm_79 0.2232 ms 79.8% ACC_TYPE='tl.float32', ALLOW_TF32=True, BLOCK_K=32, BLOCK_M=128, BLOCK_N=128, EVEN_K=True, GROUP_M=8, USE_FAST_ACCUM=False, num_stages=2, num_warps=8
  triton_mm_73 0.2508 ms 71.0% ACC_TYPE='tl.float32', ALLOW_TF32=True, BLOCK_K=64, BLOCK_M=64, BLOCK_N=64, EVEN_K=True, GROUP_M=8, USE_FAST_ACCUM=False, num_stages=3, num_warps=8
SingleProcess AUTOTUNE benchmarking takes 0.6668 seconds and 0.1743 seconds precompiling for 16 choices
Autotune Choices Stats:
{"num_choices": 16, "num_triton_choices": 15, "best_kernel": "mm", "best_time": 0.19660800695419312, "best_triton_pos": 1, "best_triton_time": 0.21292799711227417, "best_triton_kernel": "triton_mm_95", "best_triton_kernel_desc": "ACC_TYPE='tl.float32', ALLOW_TF32=True, BLOCK_K=32, BLOCK_M=128, BLOCK_N=128, EVEN_K=True, GROUP_M=8, USE_FAST_ACCUM=False, num_stages=3, num_warps=4"}
AUTOTUNE mm(12544x3072, 3072x768)
strides: [3072, 1], [1, 3072]
dtypes: torch.bfloat16, torch.bfloat16
  mm 0.1966 ms 100.0% 
  triton_mm_95 0.2129 ms 92.3% ACC_TYPE='tl.float32', ALLOW_TF32=True, BLOCK_K=32, BLOCK_M=128, BLOCK_N=128, EVEN_K=True, GROUP_M=8, USE_FAST_ACCUM=False, num_stages=3, num_warps=4
  triton_mm_92 0.2231 ms 88.1% ACC_TYPE='tl.float32', ALLOW_TF32=True, BLOCK_K=32, BLOCK_M=128, BLOCK_N=64, EVEN_K=True, GROUP_M=8, USE_FAST_ACCUM=False, num_stages=3, num_warps=4
  triton_mm_91 0.2253 ms 87.3% ACC_TYPE='tl.float32', ALLOW_TF32=True, BLOCK_K=64, BLOCK_M=64, BLOCK_N=128, EVEN_K=True, GROUP_M=8, USE_FAST_ACCUM=False, num_stages=3, num_warps=4
  triton_mm_96 0.2263 ms 86.9% ACC_TYPE='tl.float32', ALLOW_TF32=True, BLOCK_K=64, BLOCK_M=128, BLOCK_N=128, EVEN_K=True, GROUP_M=8, USE_FAST_ACCUM=False, num_stages=3, num_warps=4
  triton_mm_89 0.2283 ms 86.1% ACC_TYPE='tl.float32', ALLOW_TF32=True, BLOCK_K=32, BLOCK_M=64, BLOCK_N=128, EVEN_K=True, GROUP_M=8, USE_FAST_ACCUM=False, num_stages=3, num_warps=4
  triton_mm_93 0.2293 ms 85.7% ACC_TYPE='tl.float32', ALLOW_TF32=True, BLOCK_K=32, BLOCK_M=128, BLOCK_N=64, EVEN_K=True, GROUP_M=8, USE_FAST_ACCUM=False, num_stages=4, num_warps=8
  triton_mm_90 0.2326 ms 84.5% ACC_TYPE='tl.float32', ALLOW_TF32=True, BLOCK_K=32, BLOCK_M=64, BLOCK_N=128, EVEN_K=True, GROUP_M=8, USE_FAST_ACCUM=False, num_stages=4, num_warps=8
  triton_mm_94 0.2327 ms 84.5% ACC_TYPE='tl.float32', ALLOW_TF32=True, BLOCK_K=32, BLOCK_M=128, BLOCK_N=128, EVEN_K=True, GROUP_M=8, USE_FAST_ACCUM=False, num_stages=2, num_warps=8
  triton_mm_88 0.2734 ms 71.9% ACC_TYPE='tl.float32', ALLOW_TF32=True, BLOCK_K=64, BLOCK_M=64, BLOCK_N=64, EVEN_K=True, GROUP_M=8, USE_FAST_ACCUM=False, num_stages=3, num_warps=8
SingleProcess AUTOTUNE benchmarking takes 0.6756 seconds and 0.0002 seconds precompiling for 16 choices
W0522 15:40:24.539000 244352 torch/_dynamo/convert_frame.py:1358] [23/8] torch._dynamo hit config.recompile_limit (8)
W0522 15:40:24.539000 244352 torch/_dynamo/convert_frame.py:1358] [23/8]    function: '_patched_launch' (/home/duo.an/workspaces/SiQ_VL/.venv/lib/python3.10/site-packages/tilegym/experimental.py:68)
W0522 15:40:24.539000 244352 torch/_dynamo/convert_frame.py:1358] [23/8]    last reason: 23/7: ___check_obj_id(stream, 133949893730624)                 # return _original_launch(stream, grid, kernel, kernel_args)  # tilegym/experimental.py:73 in _patched_launch
W0522 15:40:24.539000 244352 torch/_dynamo/convert_frame.py:1358] [23/8] To log all recompilation reasons, use TORCH_LOGS="recompiles".
W0522 15:40:24.539000 244352 torch/_dynamo/convert_frame.py:1358] [23/8] To diagnose recompilation issues, see https://pytorch.org/docs/main/torch.compiler_troubleshooting.html
Autotune Choices Stats:
{"num_choices": 14, "num_triton_choices": 13, "best_kernel": "triton_mm_142", "best_kernel_desc": "ACC_TYPE='tl.float32', ALLOW_TF32=True, BLOCK_K=64, BLOCK_M=64, BLOCK_N=64, EVEN_K=True, GROUP_M=8, USE_FAST_ACCUM=False, num_stages=3, num_warps=8", "best_time": 0.014303999952971935, "best_triton_pos": 0}
AUTOTUNE mm(64x768, 768x3072)
strides: [768, 1], [1, 768]
dtypes: torch.bfloat16, torch.bfloat16
  triton_mm_142 0.0143 ms 100.0% ACC_TYPE='tl.float32', ALLOW_TF32=True, BLOCK_K=64, BLOCK_M=64, BLOCK_N=64, EVEN_K=True, GROUP_M=8, USE_FAST_ACCUM=False, num_stages=3, num_warps=8
  triton_mm_137 0.0156 ms 91.8% ACC_TYPE='tl.float32', ALLOW_TF32=True, BLOCK_K=128, BLOCK_M=32, BLOCK_N=32, EVEN_K=True, GROUP_M=8, USE_FAST_ACCUM=False, num_stages=2, num_warps=4
  mm 0.0156 ms 91.6% 
  triton_mm_145 0.0162 ms 88.2% ACC_TYPE='tl.float32', ALLOW_TF32=True, BLOCK_K=64, BLOCK_M=64, BLOCK_N=128, EVEN_K=True, GROUP_M=8, USE_FAST_ACCUM=False, num_stages=3, num_warps=4
  triton_mm_139 0.0184 ms 77.7% ACC_TYPE='tl.float32', ALLOW_TF32=True, BLOCK_K=32, BLOCK_M=64, BLOCK_N=32, EVEN_K=True, GROUP_M=8, USE_FAST_ACCUM=False, num_stages=5, num_warps=8
  triton_mm_147 0.0184 ms 77.7% ACC_TYPE='tl.float32', ALLOW_TF32=True, BLOCK_K=32, BLOCK_M=64, BLOCK_N=64, EVEN_K=True, GROUP_M=8, USE_FAST_ACCUM=False, num_stages=4, num_warps=8
  triton_mm_144 0.0184 ms 77.6% ACC_TYPE='tl.float32', ALLOW_TF32=True, BLOCK_K=32, BLOCK_M=64, BLOCK_N=128, EVEN_K=True, GROUP_M=8, USE_FAST_ACCUM=False, num_stages=4, num_warps=8
  triton_mm_138 0.0195 ms 73.5% ACC_TYPE='tl.float32', ALLOW_TF32=True, BLOCK_K=32, BLOCK_M=32, BLOCK_N=64, EVEN_K=True, GROUP_M=8, USE_FAST_ACCUM=False, num_stages=5, num_warps=8
  triton_mm_146 0.0204 ms 70.0% ACC_TYPE='tl.float32', ALLOW_TF32=True, BLOCK_K=32, BLOCK_M=64, BLOCK_N=64, EVEN_K=True, GROUP_M=8, USE_FAST_ACCUM=False, num_stages=3, num_warps=4
  triton_mm_143 0.0224 ms 63.8% ACC_TYPE='tl.float32', ALLOW_TF32=True, BLOCK_K=32, BLOCK_M=64, BLOCK_N=128, EVEN_K=True, GROUP_M=8, USE_FAST_ACCUM=False, num_stages=3, num_warps=4
SingleProcess AUTOTUNE benchmarking takes 0.2892 seconds and 0.0002 seconds precompiling for 14 choices
Autotune Choices Stats:
{"num_choices": 14, "num_triton_choices": 13, "best_kernel": "mm", "best_time": 0.013472000136971474, "best_triton_pos": 1, "best_triton_time": 0.024671999737620354, "best_triton_kernel": "triton_mm_152", "best_triton_kernel_desc": "ACC_TYPE='tl.float32', ALLOW_TF32=True, BLOCK_K=32, BLOCK_M=64, BLOCK_N=32, EVEN_K=True, GROUP_M=8, USE_FAST_ACCUM=False, num_stages=5, num_warps=8"}
AUTOTUNE mm(64x3072, 3072x768)
strides: [3072, 1], [1, 3072]
dtypes: torch.bfloat16, torch.bfloat16
  mm 0.0135 ms 100.0% 
  triton_mm_152 0.0247 ms 54.6% ACC_TYPE='tl.float32', ALLOW_TF32=True, BLOCK_K=32, BLOCK_M=64, BLOCK_N=32, EVEN_K=True, GROUP_M=8, USE_FAST_ACCUM=False, num_stages=5, num_warps=8
  triton_mm_150 0.0282 ms 47.8% ACC_TYPE='tl.float32', ALLOW_TF32=True, BLOCK_K=128, BLOCK_M=32, BLOCK_N=32, EVEN_K=True, GROUP_M=8, USE_FAST_ACCUM=False, num_stages=2, num_warps=4
  triton_mm_155 0.0287 ms 47.0% ACC_TYPE='tl.float32', ALLOW_TF32=True, BLOCK_K=64, BLOCK_M=64, BLOCK_N=64, EVEN_K=True, GROUP_M=8, USE_FAST_ACCUM=False, num_stages=3, num_warps=8
  triton_mm_151 0.0303 ms 44.5% ACC_TYPE='tl.float32', ALLOW_TF32=True, BLOCK_K=32, BLOCK_M=32, BLOCK_N=64, EVEN_K=True, GROUP_M=8, USE_FAST_ACCUM=False, num_stages=5, num_warps=8
  triton_mm_160 0.0321 ms 42.0% ACC_TYPE='tl.float32', ALLOW_TF32=True, BLOCK_K=32, BLOCK_M=64, BLOCK_N=64, EVEN_K=True, GROUP_M=8, USE_FAST_ACCUM=False, num_stages=4, num_warps=8
  triton_mm_158 0.0361 ms 37.3% ACC_TYPE='tl.float32', ALLOW_TF32=True, BLOCK_K=64, BLOCK_M=64, BLOCK_N=128, EVEN_K=True, GROUP_M=8, USE_FAST_ACCUM=False, num_stages=3, num_warps=4
  triton_mm_157 0.0389 ms 34.6% ACC_TYPE='tl.float32', ALLOW_TF32=True, BLOCK_K=32, BLOCK_M=64, BLOCK_N=128, EVEN_K=True, GROUP_M=8, USE_FAST_ACCUM=False, num_stages=4, num_warps=8
  triton_mm_159 0.0430 ms 31.3% ACC_TYPE='tl.float32', ALLOW_TF32=True, BLOCK_K=32, BLOCK_M=64, BLOCK_N=64, EVEN_K=True, GROUP_M=8, USE_FAST_ACCUM=False, num_stages=3, num_warps=4
  triton_mm_156 0.0492 ms 27.4% ACC_TYPE='tl.float32', ALLOW_TF32=True, BLOCK_K=32, BLOCK_M=64, BLOCK_N=128, EVEN_K=True, GROUP_M=8, USE_FAST_ACCUM=False, num_stages=3, num_warps=4
SingleProcess AUTOTUNE benchmarking takes 0.3369 seconds and 0.0002 seconds precompiling for 14 choices
Autotune Choices Stats:
{"num_choices": 14, "num_triton_choices": 13, "best_kernel": "mm", "best_time": 0.01152000017464161, "best_triton_pos": 1, "best_triton_time": 0.011552000418305397, "best_triton_kernel": "triton_mm_103", "best_triton_kernel_desc": "ACC_TYPE='tl.float32', ALLOW_TF32=True, BLOCK_K=64, BLOCK_M=64, BLOCK_N=64, EVEN_K=True, GROUP_M=8, USE_FAST_ACCUM=False, num_stages=3, num_warps=8"}
AUTOTUNE mm(64x768, 768x768)
strides: [768, 1], [1, 768]
dtypes: torch.bfloat16, torch.bfloat16
  mm 0.0115 ms 100.0% 
  triton_mm_103 0.0116 ms 99.7% ACC_TYPE='tl.float32', ALLOW_TF32=True, BLOCK_K=64, BLOCK_M=64, BLOCK_N=64, EVEN_K=True, GROUP_M=8, USE_FAST_ACCUM=False, num_stages=3, num_warps=8
  triton_mm_108 0.0122 ms 94.5% ACC_TYPE='tl.float32', ALLOW_TF32=True, BLOCK_K=32, BLOCK_M=64, BLOCK_N=64, EVEN_K=True, GROUP_M=8, USE_FAST_ACCUM=False, num_stages=4, num_warps=8
  triton_mm_98 0.0123 ms 94.0% ACC_TYPE='tl.float32', ALLOW_TF32=True, BLOCK_K=128, BLOCK_M=32, BLOCK_N=32, EVEN_K=True, GROUP_M=8, USE_FAST_ACCUM=False, num_stages=2, num_warps=4
  triton_mm_100 0.0123 ms 94.0% ACC_TYPE='tl.float32', ALLOW_TF32=True, BLOCK_K=32, BLOCK_M=64, BLOCK_N=32, EVEN_K=True, GROUP_M=8, USE_FAST_ACCUM=False, num_stages=5, num_warps=8
  triton_mm_105 0.0127 ms 90.7% ACC_TYPE='tl.float32', ALLOW_TF32=True, BLOCK_K=32, BLOCK_M=64, BLOCK_N=128, EVEN_K=True, GROUP_M=8, USE_FAST_ACCUM=False, num_stages=4, num_warps=8
  triton_mm_99 0.0142 ms 81.3% ACC_TYPE='tl.float32', ALLOW_TF32=True, BLOCK_K=32, BLOCK_M=32, BLOCK_N=64, EVEN_K=True, GROUP_M=8, USE_FAST_ACCUM=False, num_stages=5, num_warps=8
  triton_mm_106 0.0143 ms 80.5% ACC_TYPE='tl.float32', ALLOW_TF32=True, BLOCK_K=64, BLOCK_M=64, BLOCK_N=128, EVEN_K=True, GROUP_M=8, USE_FAST_ACCUM=False, num_stages=3, num_warps=4
  triton_mm_107 0.0143 ms 80.4% ACC_TYPE='tl.float32', ALLOW_TF32=True, BLOCK_K=32, BLOCK_M=64, BLOCK_N=64, EVEN_K=True, GROUP_M=8, USE_FAST_ACCUM=False, num_stages=3, num_warps=4
  triton_mm_104 0.0164 ms 70.3% ACC_TYPE='tl.float32', ALLOW_TF32=True, BLOCK_K=32, BLOCK_M=64, BLOCK_N=128, EVEN_K=True, GROUP_M=8, USE_FAST_ACCUM=False, num_stages=3, num_warps=4
SingleProcess AUTOTUNE benchmarking takes 0.2899 seconds and 0.0001 seconds precompiling for 14 choices
Autotune Choices Stats:
{"num_choices": 14, "num_triton_choices": 13, "best_kernel": "triton_bmm_119", "best_kernel_desc": "ACC_TYPE='tl.float32', ALLOW_TF32=True, BLOCK_K=64, BLOCK_M=64, BLOCK_N=128, EVEN_K=True, GROUP_M=8, USE_FAST_ACCUM=False, num_stages=3, num_warps=4", "best_time": 0.11151999980211258, "best_triton_pos": 0}
AUTOTUNE bmm(196x64x768, 196x768x1536)
strides: [768, 150528, 1], [0, 1, 768]
dtypes: torch.bfloat16, torch.bfloat16
  triton_bmm_119 0.1115 ms 100.0% ACC_TYPE='tl.float32', ALLOW_TF32=True, BLOCK_K=64, BLOCK_M=64, BLOCK_N=128, EVEN_K=True, GROUP_M=8, USE_FAST_ACCUM=False, num_stages=3, num_warps=4
  triton_bmm_118 0.1126 ms 99.0% ACC_TYPE='tl.float32', ALLOW_TF32=True, BLOCK_K=32, BLOCK_M=64, BLOCK_N=128, EVEN_K=True, GROUP_M=8, USE_FAST_ACCUM=False, num_stages=4, num_warps=8
  triton_bmm_117 0.1188 ms 93.9% ACC_TYPE='tl.float32', ALLOW_TF32=True, BLOCK_K=32, BLOCK_M=64, BLOCK_N=128, EVEN_K=True, GROUP_M=8, USE_FAST_ACCUM=False, num_stages=3, num_warps=4
  triton_bmm_121 0.1331 ms 83.8% ACC_TYPE='tl.float32', ALLOW_TF32=True, BLOCK_K=32, BLOCK_M=64, BLOCK_N=64, EVEN_K=True, GROUP_M=8, USE_FAST_ACCUM=False, num_stages=4, num_warps=8
  triton_bmm_122 0.1331 ms 83.8% ACC_TYPE='tl.float32', ALLOW_TF32=True, BLOCK_K=32, BLOCK_M=64, BLOCK_N=128, EVEN_K=True, GROUP_M=8, USE_FAST_ACCUM=False, num_stages=2, num_warps=8
  triton_bmm_116 0.1372 ms 81.3% ACC_TYPE='tl.float32', ALLOW_TF32=True, BLOCK_K=64, BLOCK_M=64, BLOCK_N=64, EVEN_K=True, GROUP_M=8, USE_FAST_ACCUM=False, num_stages=3, num_warps=8
  triton_bmm_120 0.1372 ms 81.3% ACC_TYPE='tl.float32', ALLOW_TF32=True, BLOCK_K=32, BLOCK_M=64, BLOCK_N=64, EVEN_K=True, GROUP_M=8, USE_FAST_ACCUM=False, num_stages=3, num_warps=4
  bmm 0.1379 ms 80.9% 
  triton_bmm_115 0.1577 ms 70.7% ACC_TYPE='tl.float32', ALLOW_TF32=True, BLOCK_K=32, BLOCK_M=64, BLOCK_N=64, EVEN_K=True, GROUP_M=8, USE_FAST_ACCUM=False, num_stages=2, num_warps=4
  triton_bmm_112 0.1989 ms 56.1% ACC_TYPE='tl.float32', ALLOW_TF32=True, BLOCK_K=32, BLOCK_M=32, BLOCK_N=64, EVEN_K=True, GROUP_M=8, USE_FAST_ACCUM=False, num_stages=5, num_warps=8
SingleProcess AUTOTUNE benchmarking takes 0.4836 seconds and 0.0001 seconds precompiling for 14 choices
Autotune Choices Stats:
{"num_choices": 16, "num_triton_choices": 15, "best_kernel": "mm", "best_time": 0.06825599819421768, "best_triton_pos": 1, "best_triton_time": 0.0716480016708374, "best_triton_kernel": "triton_mm_176", "best_triton_kernel_desc": "ACC_TYPE='tl.float32', ALLOW_TF32=True, BLOCK_K=64, BLOCK_M=128, BLOCK_N=128, EVEN_K=True, GROUP_M=8, USE_FAST_ACCUM=False, num_stages=3, num_warps=4"}
AUTOTUNE mm(3136x3072, 3072x896)
strides: [3072, 1], [1, 3072]
dtypes: torch.bfloat16, torch.bfloat16
  mm 0.0683 ms 100.0% 
  triton_mm_176 0.0716 ms 95.3% ACC_TYPE='tl.float32', ALLOW_TF32=True, BLOCK_K=64, BLOCK_M=128, BLOCK_N=128, EVEN_K=True, GROUP_M=8, USE_FAST_ACCUM=False, num_stages=3, num_warps=4
  triton_mm_171 0.0778 ms 87.7% ACC_TYPE='tl.float32', ALLOW_TF32=True, BLOCK_K=64, BLOCK_M=64, BLOCK_N=128, EVEN_K=True, GROUP_M=8, USE_FAST_ACCUM=False, num_stages=3, num_warps=4
  triton_mm_173 0.0818 ms 83.5% ACC_TYPE='tl.float32', ALLOW_TF32=True, BLOCK_K=32, BLOCK_M=128, BLOCK_N=64, EVEN_K=True, GROUP_M=8, USE_FAST_ACCUM=False, num_stages=4, num_warps=8
  triton_mm_175 0.0836 ms 81.6% ACC_TYPE='tl.float32', ALLOW_TF32=True, BLOCK_K=32, BLOCK_M=128, BLOCK_N=128, EVEN_K=True, GROUP_M=8, USE_FAST_ACCUM=False, num_stages=3, num_warps=4
  triton_mm_170 0.0838 ms 81.5% ACC_TYPE='tl.float32', ALLOW_TF32=True, BLOCK_K=32, BLOCK_M=64, BLOCK_N=128, EVEN_K=True, GROUP_M=8, USE_FAST_ACCUM=False, num_stages=4, num_warps=8
  triton_mm_172 0.0860 ms 79.4% ACC_TYPE='tl.float32', ALLOW_TF32=True, BLOCK_K=32, BLOCK_M=128, BLOCK_N=64, EVEN_K=True, GROUP_M=8, USE_FAST_ACCUM=False, num_stages=3, num_warps=4
  triton_mm_169 0.0870 ms 78.4% ACC_TYPE='tl.float32', ALLOW_TF32=True, BLOCK_K=32, BLOCK_M=64, BLOCK_N=128, EVEN_K=True, GROUP_M=8, USE_FAST_ACCUM=False, num_stages=3, num_warps=4
  triton_mm_167 0.1084 ms 63.0% ACC_TYPE='tl.float32', ALLOW_TF32=True, BLOCK_K=32, BLOCK_M=64, BLOCK_N=64, EVEN_K=True, GROUP_M=8, USE_FAST_ACCUM=False, num_stages=2, num_warps=4
  triton_mm_174 0.1147 ms 59.5% ACC_TYPE='tl.float32', ALLOW_TF32=True, BLOCK_K=32, BLOCK_M=128, BLOCK_N=128, EVEN_K=True, GROUP_M=8, USE_FAST_ACCUM=False, num_stages=2, num_warps=8
SingleProcess AUTOTUNE benchmarking takes 0.4417 seconds and 0.1699 seconds precompiling for 16 choices
Autotune Choices Stats:
{"num_choices": 15, "num_triton_choices": 14, "best_kernel": "mm", "best_time": 0.0033599999733269215, "best_triton_pos": 1, "best_triton_time": 0.0033599999733269215, "best_triton_kernel": "triton_mm_177", "best_triton_kernel_desc": "ACC_TYPE='tl.float32', ALLOW_TF32=True, BLOCK_K=16, BLOCK_M=32, BLOCK_N=32, EVEN_K=False, GROUP_M=8, USE_FAST_ACCUM=False, num_stages=1, num_warps=2"}
AUTOTUNE mm(32x1, 1x1024)
strides: [1, 1], [0, 1]
dtypes: torch.float32, torch.float32
  mm 0.0034 ms 100.0% 
  triton_mm_177 0.0034 ms 100.0% ACC_TYPE='tl.float32', ALLOW_TF32=True, BLOCK_K=16, BLOCK_M=32, BLOCK_N=32, EVEN_K=False, GROUP_M=8, USE_FAST_ACCUM=False, num_stages=1, num_warps=2
  triton_mm_188 0.0034 ms 100.0% ACC_TYPE='tl.float32', ALLOW_TF32=True, BLOCK_K=16, BLOCK_M=32, BLOCK_N=64, EVEN_K=False, GROUP_M=8, USE_FAST_ACCUM=False, num_stages=4, num_warps=8
  triton_mm_181 0.0040 ms 84.7% ACC_TYPE='tl.float32', ALLOW_TF32=True, BLOCK_K=16, BLOCK_M=32, BLOCK_N=64, EVEN_K=False, GROUP_M=8, USE_FAST_ACCUM=False, num_stages=2, num_warps=4
  triton_mm_182 0.0040 ms 84.7% ACC_TYPE='tl.float32', ALLOW_TF32=True, BLOCK_K=16, BLOCK_M=32, BLOCK_N=64, EVEN_K=False, GROUP_M=8, USE_FAST_ACCUM=False, num_stages=3, num_warps=8
  triton_mm_183 0.0040 ms 84.7% ACC_TYPE='tl.float32', ALLOW_TF32=True, BLOCK_K=16, BLOCK_M=32, BLOCK_N=64, EVEN_K=False, GROUP_M=8, USE_FAST_ACCUM=False, num_stages=5, num_warps=4
  triton_mm_187 0.0040 ms 84.0% ACC_TYPE='tl.float32', ALLOW_TF32=True, BLOCK_K=16, BLOCK_M=32, BLOCK_N=64, EVEN_K=False, GROUP_M=8, USE_FAST_ACCUM=False, num_stages=3, num_warps=4
  triton_mm_178 0.0041 ms 82.7% ACC_TYPE='tl.float32', ALLOW_TF32=True, BLOCK_K=16, BLOCK_M=32, BLOCK_N=32, EVEN_K=False, GROUP_M=8, USE_FAST_ACCUM=False, num_stages=2, num_warps=4
  triton_mm_179 0.0041 ms 82.7% ACC_TYPE='tl.float32', ALLOW_TF32=True, BLOCK_K=16, BLOCK_M=32, BLOCK_N=64, EVEN_K=False, GROUP_M=8, USE_FAST_ACCUM=False, num_stages=5, num_warps=8
  triton_mm_180 0.0041 ms 82.7% ACC_TYPE='tl.float32', ALLOW_TF32=True, BLOCK_K=16, BLOCK_M=32, BLOCK_N=32, EVEN_K=False, GROUP_M=8, USE_FAST_ACCUM=False, num_stages=5, num_warps=4
SingleProcess AUTOTUNE benchmarking takes 0.3534 seconds and 0.0730 seconds precompiling for 15 choices
Autotune Choices Stats:
{"num_choices": 17, "num_triton_choices": 15, "best_kernel": "triton_mm_204", "best_kernel_desc": "ACC_TYPE='tl.float32', ALLOW_TF32=True, BLOCK_K=32, BLOCK_M=128, BLOCK_N=128, EVEN_K=True, GROUP_M=8, USE_FAST_ACCUM=False, num_stages=3, num_warps=4", "best_time": 0.12492799758911133, "best_triton_pos": 0}
AUTOTUNE addmm(21504x896, 21504x896, 896x896)
strides: [0, 1], [896, 1], [1, 896]
dtypes: torch.bfloat16, torch.bfloat16, torch.bfloat16
  triton_mm_204 0.1249 ms 100.0% ACC_TYPE='tl.float32', ALLOW_TF32=True, BLOCK_K=32, BLOCK_M=128, BLOCK_N=128, EVEN_K=True, GROUP_M=8, USE_FAST_ACCUM=False, num_stages=3, num_warps=4
  triton_mm_198 0.1344 ms 92.9% ACC_TYPE='tl.float32', ALLOW_TF32=True, BLOCK_K=32, BLOCK_M=64, BLOCK_N=128, EVEN_K=True, GROUP_M=8, USE_FAST_ACCUM=False, num_stages=3, num_warps=4
  triton_mm_199 0.1344 ms 92.9% ACC_TYPE='tl.float32', ALLOW_TF32=True, BLOCK_K=32, BLOCK_M=64, BLOCK_N=128, EVEN_K=True, GROUP_M=8, USE_FAST_ACCUM=False, num_stages=4, num_warps=8
  triton_mm_201 0.1356 ms 92.1% ACC_TYPE='tl.float32', ALLOW_TF32=True, BLOCK_K=32, BLOCK_M=128, BLOCK_N=64, EVEN_K=True, GROUP_M=8, USE_FAST_ACCUM=False, num_stages=3, num_warps=4
  triton_mm_200 0.1359 ms 91.9% ACC_TYPE='tl.float32', ALLOW_TF32=True, BLOCK_K=64, BLOCK_M=64, BLOCK_N=128, EVEN_K=True, GROUP_M=8, USE_FAST_ACCUM=False, num_stages=3, num_warps=4
  triton_mm_202 0.1364 ms 91.6% ACC_TYPE='tl.float32', ALLOW_TF32=True, BLOCK_K=32, BLOCK_M=128, BLOCK_N=64, EVEN_K=True, GROUP_M=8, USE_FAST_ACCUM=False, num_stages=4, num_warps=8
  triton_mm_205 0.1387 ms 90.1% ACC_TYPE='tl.float32', ALLOW_TF32=True, BLOCK_K=64, BLOCK_M=128, BLOCK_N=128, EVEN_K=True, GROUP_M=8, USE_FAST_ACCUM=False, num_stages=3, num_warps=4
  bias_addmm 0.1400 ms 89.2% 
  triton_mm_203 0.1489 ms 83.9% ACC_TYPE='tl.float32', ALLOW_TF32=True, BLOCK_K=32, BLOCK_M=128, BLOCK_N=128, EVEN_K=True, GROUP_M=8, USE_FAST_ACCUM=False, num_stages=2, num_warps=8
  triton_mm_197 0.1546 ms 80.8% ACC_TYPE='tl.float32', ALLOW_TF32=True, BLOCK_K=64, BLOCK_M=64, BLOCK_N=64, EVEN_K=True, GROUP_M=8, USE_FAST_ACCUM=False, num_stages=3, num_warps=8
SingleProcess AUTOTUNE benchmarking takes 0.6196 seconds and 0.1180 seconds precompiling for 17 choices
Autotune Choices Stats:
{"num_choices": 17, "num_triton_choices": 15, "best_kernel": "bias_addmm", "best_time": 0.04633599892258644, "best_triton_pos": 1, "best_triton_time": 0.04713600128889084, "best_triton_kernel": "triton_mm_215", "best_triton_kernel_desc": "ACC_TYPE='tl.float32', ALLOW_TF32=True, BLOCK_K=64, BLOCK_M=64, BLOCK_N=128, EVEN_K=True, GROUP_M=8, USE_FAST_ACCUM=False, num_stages=3, num_warps=4"}
AUTOTUNE addmm(21504x128, 21504x896, 896x128)
strides: [0, 1], [896, 1], [1, 896]
dtypes: torch.bfloat16, torch.bfloat16, torch.bfloat16
  bias_addmm 0.0463 ms 100.0% 
  triton_mm_215 0.0471 ms 98.3% ACC_TYPE='tl.float32', ALLOW_TF32=True, BLOCK_K=64, BLOCK_M=64, BLOCK_N=128, EVEN_K=True, GROUP_M=8, USE_FAST_ACCUM=False, num_stages=3, num_warps=4
  triton_mm_220 0.0484 ms 95.8% ACC_TYPE='tl.float32', ALLOW_TF32=True, BLOCK_K=64, BLOCK_M=128, BLOCK_N=128, EVEN_K=True, GROUP_M=8, USE_FAST_ACCUM=False, num_stages=3, num_warps=4
  triton_mm_212 0.0532 ms 87.1% ACC_TYPE='tl.float32', ALLOW_TF32=True, BLOCK_K=64, BLOCK_M=64, BLOCK_N=64, EVEN_K=True, GROUP_M=8, USE_FAST_ACCUM=False, num_stages=3, num_warps=8
  addmm 0.0535 ms 86.6% 
  triton_mm_214 0.0553 ms 83.8% ACC_TYPE='tl.float32', ALLOW_TF32=True, BLOCK_K=32, BLOCK_M=64, BLOCK_N=128, EVEN_K=True, GROUP_M=8, USE_FAST_ACCUM=False, num_stages=4, num_warps=8
  triton_mm_217 0.0553 ms 83.8% ACC_TYPE='tl.float32', ALLOW_TF32=True, BLOCK_K=32, BLOCK_M=128, BLOCK_N=64, EVEN_K=True, GROUP_M=8, USE_FAST_ACCUM=False, num_stages=4, num_warps=8
  triton_mm_209 0.0588 ms 78.9% ACC_TYPE='tl.float32', ALLOW_TF32=True, BLOCK_K=32, BLOCK_M=64, BLOCK_N=32, EVEN_K=True, GROUP_M=8, USE_FAST_ACCUM=False, num_stages=5, num_warps=8
  triton_mm_207 0.0594 ms 78.0% ACC_TYPE='tl.float32', ALLOW_TF32=True, BLOCK_K=128, BLOCK_M=32, BLOCK_N=32, EVEN_K=True, GROUP_M=8, USE_FAST_ACCUM=False, num_stages=2, num_warps=4
  triton_mm_216 0.0614 ms 75.4% ACC_TYPE='tl.float32', ALLOW_TF32=True, BLOCK_K=32, BLOCK_M=128, BLOCK_N=64, EVEN_K=True, GROUP_M=8, USE_FAST_ACCUM=False, num_stages=3, num_warps=4
SingleProcess AUTOTUNE benchmarking takes 0.4328 seconds and 0.0002 seconds precompiling for 17 choices
Autotune Choices Stats:
{"num_choices": 16, "num_triton_choices": 15, "best_kernel": "triton_mm_249", "best_kernel_desc": "ACC_TYPE='tl.float32', ALLOW_TF32=True, BLOCK_K=32, BLOCK_M=128, BLOCK_N=128, EVEN_K=True, GROUP_M=8, USE_FAST_ACCUM=False, num_stages=3, num_warps=4", "best_time": 0.1228799968957901, "best_triton_pos": 0}
AUTOTUNE mm(21504x896, 896x896)
strides: [896, 1], [1, 896]
dtypes: torch.bfloat16, torch.bfloat16
  triton_mm_249 0.1229 ms 100.0% ACC_TYPE='tl.float32', ALLOW_TF32=True, BLOCK_K=32, BLOCK_M=128, BLOCK_N=128, EVEN_K=True, GROUP_M=8, USE_FAST_ACCUM=False, num_stages=3, num_warps=4
  triton_mm_243 0.1331 ms 92.3% ACC_TYPE='tl.float32', ALLOW_TF32=True, BLOCK_K=32, BLOCK_M=64, BLOCK_N=128, EVEN_K=True, GROUP_M=8, USE_FAST_ACCUM=False, num_stages=3, num_warps=4
  triton_mm_244 0.1345 ms 91.4% ACC_TYPE='tl.float32', ALLOW_TF32=True, BLOCK_K=32, BLOCK_M=64, BLOCK_N=128, EVEN_K=True, GROUP_M=8, USE_FAST_ACCUM=False, num_stages=4, num_warps=8
  mm 0.1346 ms 91.3% 
  triton_mm_246 0.1351 ms 91.0% ACC_TYPE='tl.float32', ALLOW_TF32=True, BLOCK_K=32, BLOCK_M=128, BLOCK_N=64, EVEN_K=True, GROUP_M=8, USE_FAST_ACCUM=False, num_stages=3, num_warps=4
  triton_mm_247 0.1351 ms 90.9% ACC_TYPE='tl.float32', ALLOW_TF32=True, BLOCK_K=32, BLOCK_M=128, BLOCK_N=64, EVEN_K=True, GROUP_M=8, USE_FAST_ACCUM=False, num_stages=4, num_warps=8
  triton_mm_245 0.1352 ms 90.9% ACC_TYPE='tl.float32', ALLOW_TF32=True, BLOCK_K=64, BLOCK_M=64, BLOCK_N=128, EVEN_K=True, GROUP_M=8, USE_FAST_ACCUM=False, num_stages=3, num_warps=4
  triton_mm_250 0.1372 ms 89.6% ACC_TYPE='tl.float32', ALLOW_TF32=True, BLOCK_K=64, BLOCK_M=128, BLOCK_N=128, EVEN_K=True, GROUP_M=8, USE_FAST_ACCUM=False, num_stages=3, num_warps=4
  triton_mm_248 0.1465 ms 83.9% ACC_TYPE='tl.float32', ALLOW_TF32=True, BLOCK_K=32, BLOCK_M=128, BLOCK_N=128, EVEN_K=True, GROUP_M=8, USE_FAST_ACCUM=False, num_stages=2, num_warps=8
  triton_mm_242 0.1536 ms 80.0% ACC_TYPE='tl.float32', ALLOW_TF32=True, BLOCK_K=64, BLOCK_M=64, BLOCK_N=64, EVEN_K=True, GROUP_M=8, USE_FAST_ACCUM=False, num_stages=3, num_warps=8
SingleProcess AUTOTUNE benchmarking takes 0.5844 seconds and 0.2101 seconds precompiling for 16 choices
Autotune Choices Stats:
{"num_choices": 16, "num_triton_choices": 15, "best_kernel": "triton_mm_264", "best_kernel_desc": "ACC_TYPE='tl.float32', ALLOW_TF32=True, BLOCK_K=32, BLOCK_M=128, BLOCK_N=128, EVEN_K=True, GROUP_M=8, USE_FAST_ACCUM=False, num_stages=3, num_warps=4", "best_time": 0.5038080215454102, "best_triton_pos": 0}
AUTOTUNE mm(21504x896, 896x4864)
strides: [896, 1], [1, 896]
dtypes: torch.bfloat16, torch.bfloat16
  triton_mm_264 0.5038 ms 100.0% ACC_TYPE='tl.float32', ALLOW_TF32=True, BLOCK_K=32, BLOCK_M=128, BLOCK_N=128, EVEN_K=True, GROUP_M=8, USE_FAST_ACCUM=False, num_stages=3, num_warps=4
  mm 0.5059 ms 99.6% 
  triton_mm_263 0.5570 ms 90.5% ACC_TYPE='tl.float32', ALLOW_TF32=True, BLOCK_K=32, BLOCK_M=128, BLOCK_N=128, EVEN_K=True, GROUP_M=8, USE_FAST_ACCUM=False, num_stages=2, num_warps=8
  triton_mm_265 0.5816 ms 86.6% ACC_TYPE='tl.float32', ALLOW_TF32=True, BLOCK_K=64, BLOCK_M=128, BLOCK_N=128, EVEN_K=True, GROUP_M=8, USE_FAST_ACCUM=False, num_stages=3, num_warps=4
  triton_mm_258 0.5877 ms 85.7% ACC_TYPE='tl.float32', ALLOW_TF32=True, BLOCK_K=32, BLOCK_M=64, BLOCK_N=128, EVEN_K=True, GROUP_M=8, USE_FAST_ACCUM=False, num_stages=3, num_warps=4
  triton_mm_261 0.5898 ms 85.4% ACC_TYPE='tl.float32', ALLOW_TF32=True, BLOCK_K=32, BLOCK_M=128, BLOCK_N=64, EVEN_K=True, GROUP_M=8, USE_FAST_ACCUM=False, num_stages=3, num_warps=4
  triton_mm_262 0.5970 ms 84.4% ACC_TYPE='tl.float32', ALLOW_TF32=True, BLOCK_K=32, BLOCK_M=128, BLOCK_N=64, EVEN_K=True, GROUP_M=8, USE_FAST_ACCUM=False, num_stages=4, num_warps=8
  triton_mm_259 0.6021 ms 83.7% ACC_TYPE='tl.float32', ALLOW_TF32=True, BLOCK_K=32, BLOCK_M=64, BLOCK_N=128, EVEN_K=True, GROUP_M=8, USE_FAST_ACCUM=False, num_stages=4, num_warps=8
  triton_mm_260 0.6205 ms 81.2% ACC_TYPE='tl.float32', ALLOW_TF32=True, BLOCK_K=64, BLOCK_M=64, BLOCK_N=128, EVEN_K=True, GROUP_M=8, USE_FAST_ACCUM=False, num_stages=3, num_warps=4
  triton_mm_257 0.7557 ms 66.7% ACC_TYPE='tl.float32', ALLOW_TF32=True, BLOCK_K=64, BLOCK_M=64, BLOCK_N=64, EVEN_K=True, GROUP_M=8, USE_FAST_ACCUM=False, num_stages=3, num_warps=8
SingleProcess AUTOTUNE benchmarking takes 0.6988 seconds and 0.1983 seconds precompiling for 16 choices
Autotune Choices Stats:
{"num_choices": 16, "num_triton_choices": 15, "best_kernel": "mm", "best_time": 0.5181120038032532, "best_triton_pos": 1, "best_triton_time": 0.5427200198173523, "best_triton_kernel": "triton_mm_294", "best_triton_kernel_desc": "ACC_TYPE='tl.float32', ALLOW_TF32=True, BLOCK_K=32, BLOCK_M=128, BLOCK_N=128, EVEN_K=True, GROUP_M=8, USE_FAST_ACCUM=False, num_stages=3, num_warps=4"}
AUTOTUNE mm(21504x4864, 4864x896)
strides: [4864, 1], [1, 4864]
dtypes: torch.bfloat16, torch.bfloat16
  mm 0.5181 ms 100.0% 
  triton_mm_294 0.5427 ms 95.5% ACC_TYPE='tl.float32', ALLOW_TF32=True, BLOCK_K=32, BLOCK_M=128, BLOCK_N=128, EVEN_K=True, GROUP_M=8, USE_FAST_ACCUM=False, num_stages=3, num_warps=4
  triton_mm_295 0.5796 ms 89.4% ACC_TYPE='tl.float32', ALLOW_TF32=True, BLOCK_K=64, BLOCK_M=128, BLOCK_N=128, EVEN_K=True, GROUP_M=8, USE_FAST_ACCUM=False, num_stages=3, num_warps=4
  triton_mm_290 0.6205 ms 83.5% ACC_TYPE='tl.float32', ALLOW_TF32=True, BLOCK_K=64, BLOCK_M=64, BLOCK_N=128, EVEN_K=True, GROUP_M=8, USE_FAST_ACCUM=False, num_stages=3, num_warps=4
  triton_mm_293 0.6240 ms 83.0% ACC_TYPE='tl.float32', ALLOW_TF32=True, BLOCK_K=32, BLOCK_M=128, BLOCK_N=128, EVEN_K=True, GROUP_M=8, USE_FAST_ACCUM=False, num_stages=2, num_warps=8
  triton_mm_292 0.6276 ms 82.6% ACC_TYPE='tl.float32', ALLOW_TF32=True, BLOCK_K=32, BLOCK_M=128, BLOCK_N=64, EVEN_K=True, GROUP_M=8, USE_FAST_ACCUM=False, num_stages=4, num_warps=8
  triton_mm_289 0.6348 ms 81.6% ACC_TYPE='tl.float32', ALLOW_TF32=True, BLOCK_K=32, BLOCK_M=64, BLOCK_N=128, EVEN_K=True, GROUP_M=8, USE_FAST_ACCUM=False, num_stages=4, num_warps=8
  triton_mm_291 0.6584 ms 78.7% ACC_TYPE='tl.float32', ALLOW_TF32=True, BLOCK_K=32, BLOCK_M=128, BLOCK_N=64, EVEN_K=True, GROUP_M=8, USE_FAST_ACCUM=False, num_stages=3, num_warps=4
  triton_mm_288 0.6628 ms 78.2% ACC_TYPE='tl.float32', ALLOW_TF32=True, BLOCK_K=32, BLOCK_M=64, BLOCK_N=128, EVEN_K=True, GROUP_M=8, USE_FAST_ACCUM=False, num_stages=3, num_warps=4
  triton_mm_287 0.7670 ms 67.6% ACC_TYPE='tl.float32', ALLOW_TF32=True, BLOCK_K=64, BLOCK_M=64, BLOCK_N=64, EVEN_K=True, GROUP_M=8, USE_FAST_ACCUM=False, num_stages=3, num_warps=8
SingleProcess AUTOTUNE benchmarking takes 0.6898 seconds and 0.2244 seconds precompiling for 16 choices
W0522 15:40:54.738000 244352 torch/_dynamo/convert_frame.py:1358] [59/8] torch._dynamo hit config.recompile_limit (8)
W0522 15:40:54.738000 244352 torch/_dynamo/convert_frame.py:1358] [59/8]    function: 'torch_dynamo_resume_in_forward_at_223' (/home/duo.an/workspaces/SiQ_VL/.venv/lib/python3.10/site-packages/transformers/models/qwen2/modeling_qwen2.py:223)
W0522 15:40:54.738000 244352 torch/_dynamo/convert_frame.py:1358] [59/8]    last reason: 59/7: past_key_values.layers[7].is_initialized == False        # if not self.is_initialized:  # transformers/cache_utils.py:117 in update
W0522 15:40:54.738000 244352 torch/_dynamo/convert_frame.py:1358] [59/8] To log all recompilation reasons, use TORCH_LOGS="recompiles".
W0522 15:40:54.738000 244352 torch/_dynamo/convert_frame.py:1358] [59/8] To diagnose recompilation issues, see https://pytorch.org/docs/main/torch.compiler_troubleshooting.html
W0522 15:40:54.848000 244352 torch/_dynamo/variables/tensor.py:1048] [72/0] Graph break from `Tensor.item()`, consider setting:
W0522 15:40:54.848000 244352 torch/_dynamo/variables/tensor.py:1048] [72/0]     torch._dynamo.config.capture_scalar_outputs = True
W0522 15:40:54.848000 244352 torch/_dynamo/variables/tensor.py:1048] [72/0] or:
W0522 15:40:54.848000 244352 torch/_dynamo/variables/tensor.py:1048] [72/0]     env TORCHDYNAMO_CAPTURE_SCALAR_OUTPUTS=1
W0522 15:40:54.848000 244352 torch/_dynamo/variables/tensor.py:1048] [72/0] to include these operations in the captured graph.
W0522 15:40:54.848000 244352 torch/_dynamo/variables/tensor.py:1048] [72/0] 
W0522 15:40:54.848000 244352 torch/_dynamo/variables/tensor.py:1048] [72/0] Graph break: from user code at:
W0522 15:40:54.848000 244352 torch/_dynamo/variables/tensor.py:1048] [72/0]   File "/home/duo.an/workspaces/SiQ_VL/siq_vl/kernels/fused_linear_ce.py", line 168, in torch_dynamo_resume_in__fused_forward_at_147
W0522 15:40:54.848000 244352 torch/_dynamo/variables/tensor.py:1048] [72/0]     loss = fused_linear_cross_entropy(
W0522 15:40:54.848000 244352 torch/_dynamo/variables/tensor.py:1048] [72/0]   File "/home/duo.an/workspaces/SiQ_VL/siq_vl/kernels/fused_linear_ce.py", line 122, in fused_linear_cross_entropy
W0522 15:40:54.848000 244352 torch/_dynamo/variables/tensor.py:1048] [72/0]     return FusedLinearCrossEntropy.apply(hidden_states, weight, target, ignore_index)
W0522 15:40:54.848000 244352 torch/_dynamo/variables/tensor.py:1048] [72/0]   File "/home/duo.an/workspaces/SiQ_VL/siq_vl/kernels/fused_linear_ce.py", line 55, in forward
W0522 15:40:54.848000 244352 torch/_dynamo/variables/tensor.py:1048] [72/0]     n_valid_chunk = valid_mask.sum().item()
W0522 15:40:54.848000 244352 torch/_dynamo/variables/tensor.py:1048] [72/0] 
W0522 15:40:54.848000 244352 torch/_dynamo/variables/tensor.py:1048] [72/0] 
[2026-05-22 15:40:55] [tilegym] [WARNING] [experimental.py:71] [EXPERIMENTAL] _ce_online_kernel is an experimental kernel contributed by external GitHub TileGym contributors. This kernel has not been fully validated by the core team.
[2026-05-22 15:40:59] [tilegym] [WARNING] [experimental.py:71] [EXPERIMENTAL] _rms_bwd_kernel is an experimental kernel contributed by external GitHub TileGym contributors. This kernel has not been fully validated by the core team.
Autotune Choices Stats:
{"num_choices": 16, "num_triton_choices": 15, "best_kernel": "mm", "best_time": 0.4618239998817444, "best_triton_pos": 1, "best_triton_time": 0.5928639769554138, "best_triton_kernel": "triton_mm_306", "best_triton_kernel_desc": "ACC_TYPE='tl.float32', ALLOW_TF32=True, BLOCK_K=32, BLOCK_M=128, BLOCK_N=64, EVEN_K=True, GROUP_M=8, USE_FAST_ACCUM=False, num_stages=3, num_warps=4"}
AUTOTUNE mm(896x21504, 21504x4864)
strides: [1, 896], [4864, 1]
dtypes: torch.bfloat16, torch.bfloat16
  mm 0.4618 ms 100.0% 
  triton_mm_306 0.5929 ms 77.9% ACC_TYPE='tl.float32', ALLOW_TF32=True, BLOCK_K=32, BLOCK_M=128, BLOCK_N=64, EVEN_K=True, GROUP_M=8, USE_FAST_ACCUM=False, num_stages=3, num_warps=4
  triton_mm_303 0.5980 ms 77.2% ACC_TYPE='tl.float32', ALLOW_TF32=True, BLOCK_K=32, BLOCK_M=64, BLOCK_N=128, EVEN_K=True, GROUP_M=8, USE_FAST_ACCUM=False, num_stages=3, num_warps=4
  triton_mm_305 0.6287 ms 73.5% ACC_TYPE='tl.float32', ALLOW_TF32=True, BLOCK_K=64, BLOCK_M=64, BLOCK_N=128, EVEN_K=True, GROUP_M=8, USE_FAST_ACCUM=False, num_stages=3, num_warps=4
  triton_mm_307 0.6287 ms 73.5% ACC_TYPE='tl.float32', ALLOW_TF32=True, BLOCK_K=32, BLOCK_M=128, BLOCK_N=64, EVEN_K=True, GROUP_M=8, USE_FAST_ACCUM=False, num_stages=4, num_warps=8
  triton_mm_304 0.6369 ms 72.5% ACC_TYPE='tl.float32', ALLOW_TF32=True, BLOCK_K=32, BLOCK_M=64, BLOCK_N=128, EVEN_K=True, GROUP_M=8, USE_FAST_ACCUM=False, num_stages=4, num_warps=8
  triton_mm_309 0.6574 ms 70.3% ACC_TYPE='tl.float32', ALLOW_TF32=True, BLOCK_K=32, BLOCK_M=128, BLOCK_N=128, EVEN_K=True, GROUP_M=8, USE_FAST_ACCUM=False, num_stages=3, num_warps=4
  triton_mm_310 0.7018 ms 65.8% ACC_TYPE='tl.float32', ALLOW_TF32=True, BLOCK_K=64, BLOCK_M=128, BLOCK_N=128, EVEN_K=True, GROUP_M=8, USE_FAST_ACCUM=False, num_stages=3, num_warps=4
  triton_mm_308 0.7434 ms 62.1% ACC_TYPE='tl.float32', ALLOW_TF32=True, BLOCK_K=32, BLOCK_M=128, BLOCK_N=128, EVEN_K=True, GROUP_M=8, USE_FAST_ACCUM=False, num_stages=2, num_warps=8
  triton_mm_302 0.7875 ms 58.6% ACC_TYPE='tl.float32', ALLOW_TF32=True, BLOCK_K=64, BLOCK_M=64, BLOCK_N=64, EVEN_K=True, GROUP_M=8, USE_FAST_ACCUM=False, num_stages=3, num_warps=8
SingleProcess AUTOTUNE benchmarking takes 0.6840 seconds and 0.1660 seconds precompiling for 16 choices
Autotune Choices Stats:
{"num_choices": 16, "num_triton_choices": 15, "best_kernel": "triton_mm_324", "best_kernel_desc": "ACC_TYPE='tl.float32', ALLOW_TF32=True, BLOCK_K=32, BLOCK_M=128, BLOCK_N=128, EVEN_K=True, GROUP_M=8, USE_FAST_ACCUM=False, num_stages=3, num_warps=4", "best_time": 0.5038080215454102, "best_triton_pos": 0}
AUTOTUNE mm(21504x896, 896x4864)
strides: [896, 1], [4864, 1]
dtypes: torch.bfloat16, torch.bfloat16
  triton_mm_324 0.5038 ms 100.0% ACC_TYPE='tl.float32', ALLOW_TF32=True, BLOCK_K=32, BLOCK_M=128, BLOCK_N=128, EVEN_K=True, GROUP_M=8, USE_FAST_ACCUM=False, num_stages=3, num_warps=4
  mm 0.5190 ms 97.1% 
  triton_mm_323 0.5407 ms 93.2% ACC_TYPE='tl.float32', ALLOW_TF32=True, BLOCK_K=32, BLOCK_M=128, BLOCK_N=128, EVEN_K=True, GROUP_M=8, USE_FAST_ACCUM=False, num_stages=2, num_warps=8
  triton_mm_325 0.5836 ms 86.3% ACC_TYPE='tl.float32', ALLOW_TF32=True, BLOCK_K=64, BLOCK_M=128, BLOCK_N=128, EVEN_K=True, GROUP_M=8, USE_FAST_ACCUM=False, num_stages=3, num_warps=4
  triton_mm_318 0.5857 ms 86.0% ACC_TYPE='tl.float32', ALLOW_TF32=True, BLOCK_K=32, BLOCK_M=64, BLOCK_N=128, EVEN_K=True, GROUP_M=8, USE_FAST_ACCUM=False, num_stages=3, num_warps=4
  triton_mm_321 0.5940 ms 84.8% ACC_TYPE='tl.float32', ALLOW_TF32=True, BLOCK_K=32, BLOCK_M=128, BLOCK_N=64, EVEN_K=True, GROUP_M=8, USE_FAST_ACCUM=False, num_stages=3, num_warps=4
  triton_mm_322 0.5980 ms 84.2% ACC_TYPE='tl.float32', ALLOW_TF32=True, BLOCK_K=32, BLOCK_M=128, BLOCK_N=64, EVEN_K=True, GROUP_M=8, USE_FAST_ACCUM=False, num_stages=4, num_warps=8
  triton_mm_319 0.6001 ms 84.0% ACC_TYPE='tl.float32', ALLOW_TF32=True, BLOCK_K=32, BLOCK_M=64, BLOCK_N=128, EVEN_K=True, GROUP_M=8, USE_FAST_ACCUM=False, num_stages=4, num_warps=8
  triton_mm_320 0.6062 ms 83.1% ACC_TYPE='tl.float32', ALLOW_TF32=True, BLOCK_K=64, BLOCK_M=64, BLOCK_N=128, EVEN_K=True, GROUP_M=8, USE_FAST_ACCUM=False, num_stages=3, num_warps=4
  triton_mm_317 0.7577 ms 66.5% ACC_TYPE='tl.float32', ALLOW_TF32=True, BLOCK_K=64, BLOCK_M=64, BLOCK_N=64, EVEN_K=True, GROUP_M=8, USE_FAST_ACCUM=False, num_stages=3, num_warps=8
SingleProcess AUTOTUNE benchmarking takes 0.6904 seconds and 0.0002 seconds precompiling for 16 choices
[2026-05-22 15:41:01] [tilegym] [WARNING] [experimental.py:71] [EXPERIMENTAL] _swiglu_backward_kernel is an experimental kernel contributed by external GitHub TileGym contributors. This kernel has not been fully validated by the core team.
Autotune Choices Stats:
{"num_choices": 16, "num_triton_choices": 15, "best_kernel": "mm", "best_time": 0.5314239859580994, "best_triton_pos": 1, "best_triton_time": 0.5406399965286255, "best_triton_kernel": "triton_mm_384", "best_triton_kernel_desc": "ACC_TYPE='tl.float32', ALLOW_TF32=True, BLOCK_K=32, BLOCK_M=128, BLOCK_N=128, EVEN_K=True, GROUP_M=8, USE_FAST_ACCUM=False, num_stages=3, num_warps=4"}
AUTOTUNE mm(21504x4864, 4864x896)
strides: [4864, 1], [896, 1]
dtypes: torch.bfloat16, torch.bfloat16
  mm 0.5314 ms 100.0% 
  triton_mm_384 0.5406 ms 98.3% ACC_TYPE='tl.float32', ALLOW_TF32=True, BLOCK_K=32, BLOCK_M=128, BLOCK_N=128, EVEN_K=True, GROUP_M=8, USE_FAST_ACCUM=False, num_stages=3, num_warps=4
  triton_mm_385 0.5796 ms 91.7% ACC_TYPE='tl.float32', ALLOW_TF32=True, BLOCK_K=64, BLOCK_M=128, BLOCK_N=128, EVEN_K=True, GROUP_M=8, USE_FAST_ACCUM=False, num_stages=3, num_warps=4
  triton_mm_380 0.6083 ms 87.4% ACC_TYPE='tl.float32', ALLOW_TF32=True, BLOCK_K=64, BLOCK_M=64, BLOCK_N=128, EVEN_K=True, GROUP_M=8, USE_FAST_ACCUM=False, num_stages=3, num_warps=4
  triton_mm_383 0.6083 ms 87.4% ACC_TYPE='tl.float32', ALLOW_TF32=True, BLOCK_K=32, BLOCK_M=128, BLOCK_N=128, EVEN_K=True, GROUP_M=8, USE_FAST_ACCUM=False, num_stages=2, num_warps=8
  triton_mm_379 0.6144 ms 86.5% ACC_TYPE='tl.float32', ALLOW_TF32=True, BLOCK_K=32, BLOCK_M=64, BLOCK_N=128, EVEN_K=True, GROUP_M=8, USE_FAST_ACCUM=False, num_stages=4, num_warps=8
  triton_mm_382 0.6267 ms 84.8% ACC_TYPE='tl.float32', ALLOW_TF32=True, BLOCK_K=32, BLOCK_M=128, BLOCK_N=64, EVEN_K=True, GROUP_M=8, USE_FAST_ACCUM=False, num_stages=4, num_warps=8
  triton_mm_378 0.6349 ms 83.7% ACC_TYPE='tl.float32', ALLOW_TF32=True, BLOCK_K=32, BLOCK_M=64, BLOCK_N=128, EVEN_K=True, GROUP_M=8, USE_FAST_ACCUM=False, num_stages=3, num_warps=4
  triton_mm_381 0.6595 ms 80.6% ACC_TYPE='tl.float32', ALLOW_TF32=True, BLOCK_K=32, BLOCK_M=128, BLOCK_N=64, EVEN_K=True, GROUP_M=8, USE_FAST_ACCUM=False, num_stages=3, num_warps=4
  triton_mm_377 0.7578 ms 70.1% ACC_TYPE='tl.float32', ALLOW_TF32=True, BLOCK_K=64, BLOCK_M=64, BLOCK_N=64, EVEN_K=True, GROUP_M=8, USE_FAST_ACCUM=False, num_stages=3, num_warps=8
SingleProcess AUTOTUNE benchmarking takes 0.6817 seconds and 0.1809 seconds precompiling for 16 choices
Autotune Choices Stats:
{"num_choices": 16, "num_triton_choices": 15, "best_kernel": "mm", "best_time": 0.47206398844718933, "best_triton_pos": 1, "best_triton_time": 0.596992015838623, "best_triton_kernel": "triton_mm_333", "best_triton_kernel_desc": "ACC_TYPE='tl.float32', ALLOW_TF32=True, BLOCK_K=32, BLOCK_M=64, BLOCK_N=128, EVEN_K=True, GROUP_M=8, USE_FAST_ACCUM=False, num_stages=3, num_warps=4"}
AUTOTUNE mm(4864x21504, 21504x896)
strides: [1, 4864], [896, 1]
dtypes: torch.bfloat16, torch.bfloat16
  mm 0.4721 ms 100.0% 
  triton_mm_333 0.5970 ms 79.1% ACC_TYPE='tl.float32', ALLOW_TF32=True, BLOCK_K=32, BLOCK_M=64, BLOCK_N=128, EVEN_K=True, GROUP_M=8, USE_FAST_ACCUM=False, num_stages=3, num_warps=4
  triton_mm_336 0.5970 ms 79.1% ACC_TYPE='tl.float32', ALLOW_TF32=True, BLOCK_K=32, BLOCK_M=128, BLOCK_N=64, EVEN_K=True, GROUP_M=8, USE_FAST_ACCUM=False, num_stages=3, num_warps=4
  triton_mm_335 0.6205 ms 76.1% ACC_TYPE='tl.float32', ALLOW_TF32=True, BLOCK_K=64, BLOCK_M=64, BLOCK_N=128, EVEN_K=True, GROUP_M=8, USE_FAST_ACCUM=False, num_stages=3, num_warps=4
  triton_mm_334 0.6277 ms 75.2% ACC_TYPE='tl.float32', ALLOW_TF32=True, BLOCK_K=32, BLOCK_M=64, BLOCK_N=128, EVEN_K=True, GROUP_M=8, USE_FAST_ACCUM=False, num_stages=4, num_warps=8
  triton_mm_337 0.6338 ms 74.5% ACC_TYPE='tl.float32', ALLOW_TF32=True, BLOCK_K=32, BLOCK_M=128, BLOCK_N=64, EVEN_K=True, GROUP_M=8, USE_FAST_ACCUM=False, num_stages=4, num_warps=8
  triton_mm_339 0.6615 ms 71.4% ACC_TYPE='tl.float32', ALLOW_TF32=True, BLOCK_K=32, BLOCK_M=128, BLOCK_N=128, EVEN_K=True, GROUP_M=8, USE_FAST_ACCUM=False, num_stages=3, num_warps=4
  triton_mm_340 0.7026 ms 67.2% ACC_TYPE='tl.float32', ALLOW_TF32=True, BLOCK_K=64, BLOCK_M=128, BLOCK_N=128, EVEN_K=True, GROUP_M=8, USE_FAST_ACCUM=False, num_stages=3, num_warps=4
  triton_mm_338 0.7291 ms 64.7% ACC_TYPE='tl.float32', ALLOW_TF32=True, BLOCK_K=32, BLOCK_M=128, BLOCK_N=128, EVEN_K=True, GROUP_M=8, USE_FAST_ACCUM=False, num_stages=2, num_warps=8
  triton_mm_332 0.7844 ms 60.2% ACC_TYPE='tl.float32', ALLOW_TF32=True, BLOCK_K=64, BLOCK_M=64, BLOCK_N=64, EVEN_K=True, GROUP_M=8, USE_FAST_ACCUM=False, num_stages=3, num_warps=8
SingleProcess AUTOTUNE benchmarking takes 0.7238 seconds and 0.0003 seconds precompiling for 16 choices
Autotune Choices Stats:
{"num_choices": 16, "num_triton_choices": 15, "best_kernel": "mm", "best_time": 0.12902399897575378, "best_triton_pos": 1, "best_triton_time": 0.21500800549983978, "best_triton_kernel": "triton_mm_395", "best_triton_kernel_desc": "ACC_TYPE='tl.float32', ALLOW_TF32=True, BLOCK_K=64, BLOCK_M=64, BLOCK_N=128, EVEN_K=True, GROUP_M=8, USE_FAST_ACCUM=False, num_stages=3, num_warps=4"}
AUTOTUNE mm(896x21504, 21504x896)
strides: [1, 896], [896, 1]
dtypes: torch.bfloat16, torch.bfloat16
  mm 0.1290 ms 100.0% 
  triton_mm_395 0.2150 ms 60.0% ACC_TYPE='tl.float32', ALLOW_TF32=True, BLOCK_K=64, BLOCK_M=64, BLOCK_N=128, EVEN_K=True, GROUP_M=8, USE_FAST_ACCUM=False, num_stages=3, num_warps=4
  triton_mm_394 0.2273 ms 56.8% ACC_TYPE='tl.float32', ALLOW_TF32=True, BLOCK_K=32, BLOCK_M=64, BLOCK_N=128, EVEN_K=True, GROUP_M=8, USE_FAST_ACCUM=False, num_stages=4, num_warps=8
  triton_mm_397 0.2293 ms 56.3% ACC_TYPE='tl.float32', ALLOW_TF32=True, BLOCK_K=32, BLOCK_M=128, BLOCK_N=64, EVEN_K=True, GROUP_M=8, USE_FAST_ACCUM=False, num_stages=4, num_warps=8
  triton_mm_392 0.2335 ms 55.3% ACC_TYPE='tl.float32', ALLOW_TF32=True, BLOCK_K=64, BLOCK_M=64, BLOCK_N=64, EVEN_K=True, GROUP_M=8, USE_FAST_ACCUM=False, num_stages=3, num_warps=8
  triton_mm_396 0.2755 ms 46.8% ACC_TYPE='tl.float32', ALLOW_TF32=True, BLOCK_K=32, BLOCK_M=128, BLOCK_N=64, EVEN_K=True, GROUP_M=8, USE_FAST_ACCUM=False, num_stages=3, num_warps=4
  triton_mm_393 0.2806 ms 46.0% ACC_TYPE='tl.float32', ALLOW_TF32=True, BLOCK_K=32, BLOCK_M=64, BLOCK_N=128, EVEN_K=True, GROUP_M=8, USE_FAST_ACCUM=False, num_stages=3, num_warps=4
  triton_mm_388 0.2867 ms 45.0% ACC_TYPE='tl.float32', ALLOW_TF32=True, BLOCK_K=32, BLOCK_M=32, BLOCK_N=64, EVEN_K=True, GROUP_M=8, USE_FAST_ACCUM=False, num_stages=5, num_warps=8
  triton_mm_387 0.2949 ms 43.7% ACC_TYPE='tl.float32', ALLOW_TF32=True, BLOCK_K=128, BLOCK_M=32, BLOCK_N=32, EVEN_K=True, GROUP_M=8, USE_FAST_ACCUM=False, num_stages=2, num_warps=4
  triton_mm_389 0.2970 ms 43.4% ACC_TYPE='tl.float32', ALLOW_TF32=True, BLOCK_K=32, BLOCK_M=64, BLOCK_N=32, EVEN_K=True, GROUP_M=8, USE_FAST_ACCUM=False, num_stages=5, num_warps=8
SingleProcess AUTOTUNE benchmarking takes 0.6688 seconds and 0.2047 seconds precompiling for 16 choices
Autotune Choices Stats:
{"num_choices": 16, "num_triton_choices": 15, "best_kernel": "mm", "best_time": 0.06480000168085098, "best_triton_pos": 1, "best_triton_time": 0.069023996591568, "best_triton_kernel": "triton_mm_415", "best_triton_kernel_desc": "ACC_TYPE='tl.float32', ALLOW_TF32=True, BLOCK_K=64, BLOCK_M=128, BLOCK_N=128, EVEN_K=True, GROUP_M=8, USE_FAST_ACCUM=False, num_stages=3, num_warps=4"}
AUTOTUNE mm(896x3136, 3136x3072)
strides: [1, 896], [3072, 1]
dtypes: torch.bfloat16, torch.bfloat16
  mm 0.0648 ms 100.0% 
  triton_mm_415 0.0690 ms 93.9% ACC_TYPE='tl.float32', ALLOW_TF32=True, BLOCK_K=64, BLOCK_M=128, BLOCK_N=128, EVEN_K=True, GROUP_M=8, USE_FAST_ACCUM=False, num_stages=3, num_warps=4
  triton_mm_410 0.0716 ms 90.4% ACC_TYPE='tl.float32', ALLOW_TF32=True, BLOCK_K=64, BLOCK_M=64, BLOCK_N=128, EVEN_K=True, GROUP_M=8, USE_FAST_ACCUM=False, num_stages=3, num_warps=4
  triton_mm_412 0.0717 ms 90.4% ACC_TYPE='tl.float32', ALLOW_TF32=True, BLOCK_K=32, BLOCK_M=128, BLOCK_N=64, EVEN_K=True, GROUP_M=8, USE_FAST_ACCUM=False, num_stages=4, num_warps=8
  triton_mm_409 0.0717 ms 90.4% ACC_TYPE='tl.float32', ALLOW_TF32=True, BLOCK_K=32, BLOCK_M=64, BLOCK_N=128, EVEN_K=True, GROUP_M=8, USE_FAST_ACCUM=False, num_stages=4, num_warps=8
  triton_mm_414 0.0730 ms 88.8% ACC_TYPE='tl.float32', ALLOW_TF32=True, BLOCK_K=32, BLOCK_M=128, BLOCK_N=128, EVEN_K=True, GROUP_M=8, USE_FAST_ACCUM=False, num_stages=3, num_warps=4
  triton_mm_411 0.0737 ms 87.9% ACC_TYPE='tl.float32', ALLOW_TF32=True, BLOCK_K=32, BLOCK_M=128, BLOCK_N=64, EVEN_K=True, GROUP_M=8, USE_FAST_ACCUM=False, num_stages=3, num_warps=4
  triton_mm_408 0.0756 ms 85.7% ACC_TYPE='tl.float32', ALLOW_TF32=True, BLOCK_K=32, BLOCK_M=64, BLOCK_N=128, EVEN_K=True, GROUP_M=8, USE_FAST_ACCUM=False, num_stages=3, num_warps=4
  triton_mm_406 0.0942 ms 68.8% ACC_TYPE='tl.float32', ALLOW_TF32=True, BLOCK_K=32, BLOCK_M=64, BLOCK_N=64, EVEN_K=True, GROUP_M=8, USE_FAST_ACCUM=False, num_stages=2, num_warps=4
  triton_mm_407 0.1044 ms 62.0% ACC_TYPE='tl.float32', ALLOW_TF32=True, BLOCK_K=64, BLOCK_M=64, BLOCK_N=64, EVEN_K=True, GROUP_M=8, USE_FAST_ACCUM=False, num_stages=3, num_warps=8
SingleProcess AUTOTUNE benchmarking takes 0.4645 seconds and 0.2114 seconds precompiling for 16 choices
  2%|▏         | 1/50 [01:09<56:49, 69.58s/it]Autotune Choices Stats:
{"num_choices": 17, "num_triton_choices": 15, "best_kernel": "triton_mm_429", "best_kernel_desc": "ACC_TYPE='tl.float32', ALLOW_TF32=True, BLOCK_K=32, BLOCK_M=128, BLOCK_N=128, EVEN_K=True, GROUP_M=8, USE_FAST_ACCUM=False, num_stages=3, num_warps=4", "best_time": 0.14057600498199463, "best_triton_pos": 0}
AUTOTUNE addmm(25600x896, 25600x896, 896x896)
strides: [0, 1], [896, 1], [1, 896]
dtypes: torch.bfloat16, torch.bfloat16, torch.bfloat16
  triton_mm_429 0.1406 ms 100.0% ACC_TYPE='tl.float32', ALLOW_TF32=True, BLOCK_K=32, BLOCK_M=128, BLOCK_N=128, EVEN_K=True, GROUP_M=8, USE_FAST_ACCUM=False, num_stages=3, num_warps=4
  bias_addmm 0.1422 ms 98.9% 
  triton_mm_426 0.1487 ms 94.5% ACC_TYPE='tl.float32', ALLOW_TF32=True, BLOCK_K=32, BLOCK_M=128, BLOCK_N=64, EVEN_K=True, GROUP_M=8, USE_FAST_ACCUM=False, num_stages=3, num_warps=4
  triton_mm_423 0.1488 ms 94.5% ACC_TYPE='tl.float32', ALLOW_TF32=True, BLOCK_K=32, BLOCK_M=64, BLOCK_N=128, EVEN_K=True, GROUP_M=8, USE_FAST_ACCUM=False, num_stages=3, num_warps=4
  triton_mm_424 0.1570 ms 89.6% ACC_TYPE='tl.float32', ALLOW_TF32=True, BLOCK_K=32, BLOCK_M=64, BLOCK_N=128, EVEN_K=True, GROUP_M=8, USE_FAST_ACCUM=False, num_stages=4, num_warps=8
  triton_mm_425 0.1571 ms 89.5% ACC_TYPE='tl.float32', ALLOW_TF32=True, BLOCK_K=64, BLOCK_M=64, BLOCK_N=128, EVEN_K=True, GROUP_M=8, USE_FAST_ACCUM=False, num_stages=3, num_warps=4
  triton_mm_427 0.1577 ms 89.2% ACC_TYPE='tl.float32', ALLOW_TF32=True, BLOCK_K=32, BLOCK_M=128, BLOCK_N=64, EVEN_K=True, GROUP_M=8, USE_FAST_ACCUM=False, num_stages=4, num_warps=8
  triton_mm_430 0.1608 ms 87.4% ACC_TYPE='tl.float32', ALLOW_TF32=True, BLOCK_K=64, BLOCK_M=128, BLOCK_N=128, EVEN_K=True, GROUP_M=8, USE_FAST_ACCUM=False, num_stages=3, num_warps=4
  triton_mm_428 0.1651 ms 85.2% ACC_TYPE='tl.float32', ALLOW_TF32=True, BLOCK_K=32, BLOCK_M=128, BLOCK_N=128, EVEN_K=True, GROUP_M=8, USE_FAST_ACCUM=False, num_stages=2, num_warps=8
  addmm 0.1671 ms 84.1% 
SingleProcess AUTOTUNE benchmarking takes 0.6409 seconds and 0.1412 seconds precompiling for 17 choices
Autotune Choices Stats:
{"num_choices": 17, "num_triton_choices": 15, "best_kernel": "triton_mm_437", "best_kernel_desc": "ACC_TYPE='tl.float32', ALLOW_TF32=True, BLOCK_K=64, BLOCK_M=64, BLOCK_N=64, EVEN_K=True, GROUP_M=8, USE_FAST_ACCUM=False, num_stages=3, num_warps=8", "best_time": 0.05321599915623665, "best_triton_pos": 0}
AUTOTUNE addmm(25600x128, 25600x896, 896x128)
strides: [0, 1], [896, 1], [1, 896]
dtypes: torch.bfloat16, torch.bfloat16, torch.bfloat16
  triton_mm_437 0.0532 ms 100.0% ACC_TYPE='tl.float32', ALLOW_TF32=True, BLOCK_K=64, BLOCK_M=64, BLOCK_N=64, EVEN_K=True, GROUP_M=8, USE_FAST_ACCUM=False, num_stages=3, num_warps=8
  bias_addmm 0.0566 ms 94.0% 
  triton_mm_440 0.0606 ms 87.8% ACC_TYPE='tl.float32', ALLOW_TF32=True, BLOCK_K=64, BLOCK_M=64, BLOCK_N=128, EVEN_K=True, GROUP_M=8, USE_FAST_ACCUM=False, num_stages=3, num_warps=4
  addmm 0.0635 ms 83.8% 
  triton_mm_445 0.0649 ms 82.0% ACC_TYPE='tl.float32', ALLOW_TF32=True, BLOCK_K=64, BLOCK_M=128, BLOCK_N=128, EVEN_K=True, GROUP_M=8, USE_FAST_ACCUM=False, num_stages=3, num_warps=4
  triton_mm_434 0.0669 ms 79.5% ACC_TYPE='tl.float32', ALLOW_TF32=True, BLOCK_K=32, BLOCK_M=64, BLOCK_N=32, EVEN_K=True, GROUP_M=8, USE_FAST_ACCUM=False, num_stages=5, num_warps=8
  triton_mm_433 0.0675 ms 78.9% ACC_TYPE='tl.float32', ALLOW_TF32=True, BLOCK_K=32, BLOCK_M=32, BLOCK_N=64, EVEN_K=True, GROUP_M=8, USE_FAST_ACCUM=False, num_stages=5, num_warps=8
  triton_mm_441 0.0676 ms 78.7% ACC_TYPE='tl.float32', ALLOW_TF32=True, BLOCK_K=32, BLOCK_M=128, BLOCK_N=64, EVEN_K=True, GROUP_M=8, USE_FAST_ACCUM=False, num_stages=3, num_warps=4
  triton_mm_432 0.0688 ms 77.3% ACC_TYPE='tl.float32', ALLOW_TF32=True, BLOCK_K=128, BLOCK_M=32, BLOCK_N=32, EVEN_K=True, GROUP_M=8, USE_FAST_ACCUM=False, num_stages=2, num_warps=4
  triton_mm_438 0.0696 ms 76.4% ACC_TYPE='tl.float32', ALLOW_TF32=True, BLOCK_K=32, BLOCK_M=64, BLOCK_N=128, EVEN_K=True, GROUP_M=8, USE_FAST_ACCUM=False, num_stages=3, num_warps=4
SingleProcess AUTOTUNE benchmarking takes 0.4449 seconds and 0.0002 seconds precompiling for 17 choices
Autotune Choices Stats:
{"num_choices": 16, "num_triton_choices": 15, "best_kernel": "triton_mm_534", "best_kernel_desc": "ACC_TYPE='tl.float32', ALLOW_TF32=True, BLOCK_K=32, BLOCK_M=128, BLOCK_N=128, EVEN_K=True, GROUP_M=8, USE_FAST_ACCUM=False, num_stages=3, num_warps=4", "best_time": 0.1385280042886734, "best_triton_pos": 0}
AUTOTUNE mm(25600x896, 896x896)
strides: [896, 1], [896, 1]
dtypes: torch.bfloat16, torch.bfloat16
  triton_mm_534 0.1385 ms 100.0% ACC_TYPE='tl.float32', ALLOW_TF32=True, BLOCK_K=32, BLOCK_M=128, BLOCK_N=128, EVEN_K=True, GROUP_M=8, USE_FAST_ACCUM=False, num_stages=3, num_warps=4
  mm 0.1424 ms 97.3% 
  triton_mm_528 0.1427 ms 97.1% ACC_TYPE='tl.float32', ALLOW_TF32=True, BLOCK_K=32, BLOCK_M=64, BLOCK_N=128, EVEN_K=True, GROUP_M=8, USE_FAST_ACCUM=False, num_stages=3, num_warps=4
  triton_mm_531 0.1466 ms 94.5% ACC_TYPE='tl.float32', ALLOW_TF32=True, BLOCK_K=32, BLOCK_M=128, BLOCK_N=64, EVEN_K=True, GROUP_M=8, USE_FAST_ACCUM=False, num_stages=3, num_warps=4
  triton_mm_529 0.1508 ms 91.9% ACC_TYPE='tl.float32', ALLOW_TF32=True, BLOCK_K=32, BLOCK_M=64, BLOCK_N=128, EVEN_K=True, GROUP_M=8, USE_FAST_ACCUM=False, num_stages=4, num_warps=8
  triton_mm_530 0.1508 ms 91.9% ACC_TYPE='tl.float32', ALLOW_TF32=True, BLOCK_K=64, BLOCK_M=64, BLOCK_N=128, EVEN_K=True, GROUP_M=8, USE_FAST_ACCUM=False, num_stages=3, num_warps=4
  triton_mm_535 0.1549 ms 89.4% ACC_TYPE='tl.float32', ALLOW_TF32=True, BLOCK_K=64, BLOCK_M=128, BLOCK_N=128, EVEN_K=True, GROUP_M=8, USE_FAST_ACCUM=False, num_stages=3, num_warps=4
  triton_mm_532 0.1556 ms 89.0% ACC_TYPE='tl.float32', ALLOW_TF32=True, BLOCK_K=32, BLOCK_M=128, BLOCK_N=64, EVEN_K=True, GROUP_M=8, USE_FAST_ACCUM=False, num_stages=4, num_warps=8
  triton_mm_533 0.1570 ms 88.2% ACC_TYPE='tl.float32', ALLOW_TF32=True, BLOCK_K=32, BLOCK_M=128, BLOCK_N=128, EVEN_K=True, GROUP_M=8, USE_FAST_ACCUM=False, num_stages=2, num_warps=8
  triton_mm_527 0.1822 ms 76.0% ACC_TYPE='tl.float32', ALLOW_TF32=True, BLOCK_K=64, BLOCK_M=64, BLOCK_N=64, EVEN_K=True, GROUP_M=8, USE_FAST_ACCUM=False, num_stages=3, num_warps=8
SingleProcess AUTOTUNE benchmarking takes 0.6005 seconds and 0.0262 seconds precompiling for 16 choices
Autotune Choices Stats:
{"num_choices": 16, "num_triton_choices": 15, "best_kernel": "triton_mm_498", "best_kernel_desc": "ACC_TYPE='tl.float32', ALLOW_TF32=True, BLOCK_K=32, BLOCK_M=64, BLOCK_N=128, EVEN_K=True, GROUP_M=8, USE_FAST_ACCUM=False, num_stages=3, num_warps=4", "best_time": 0.03824000060558319, "best_triton_pos": 0}
AUTOTUNE mm(25600x128, 128x896)
strides: [128, 1], [896, 1]
dtypes: torch.bfloat16, torch.bfloat16
  triton_mm_498 0.0382 ms 100.0% ACC_TYPE='tl.float32', ALLOW_TF32=True, BLOCK_K=32, BLOCK_M=64, BLOCK_N=128, EVEN_K=True, GROUP_M=8, USE_FAST_ACCUM=False, num_stages=3, num_warps=4
  triton_mm_501 0.0382 ms 100.0% ACC_TYPE='tl.float32', ALLOW_TF32=True, BLOCK_K=32, BLOCK_M=128, BLOCK_N=64, EVEN_K=True, GROUP_M=8, USE_FAST_ACCUM=False, num_stages=3, num_warps=4
  triton_mm_504 0.0398 ms 96.0% ACC_TYPE='tl.float32', ALLOW_TF32=True, BLOCK_K=32, BLOCK_M=128, BLOCK_N=128, EVEN_K=True, GROUP_M=8, USE_FAST_ACCUM=False, num_stages=3, num_warps=4
  triton_mm_500 0.0401 ms 95.4% ACC_TYPE='tl.float32', ALLOW_TF32=True, BLOCK_K=64, BLOCK_M=64, BLOCK_N=128, EVEN_K=True, GROUP_M=8, USE_FAST_ACCUM=False, num_stages=3, num_warps=4
  triton_mm_497 0.0403 ms 94.9% ACC_TYPE='tl.float32', ALLOW_TF32=True, BLOCK_K=64, BLOCK_M=64, BLOCK_N=64, EVEN_K=True, GROUP_M=8, USE_FAST_ACCUM=False, num_stages=3, num_warps=8
  triton_mm_499 0.0443 ms 86.4% ACC_TYPE='tl.float32', ALLOW_TF32=True, BLOCK_K=32, BLOCK_M=64, BLOCK_N=128, EVEN_K=True, GROUP_M=8, USE_FAST_ACCUM=False, num_stages=4, num_warps=8
  triton_mm_505 0.0443 ms 86.3% ACC_TYPE='tl.float32', ALLOW_TF32=True, BLOCK_K=64, BLOCK_M=128, BLOCK_N=128, EVEN_K=True, GROUP_M=8, USE_FAST_ACCUM=False, num_stages=3, num_warps=4
  mm 0.0450 ms 84.9% 
  triton_mm_502 0.0483 ms 79.1% ACC_TYPE='tl.float32', ALLOW_TF32=True, BLOCK_K=32, BLOCK_M=128, BLOCK_N=64, EVEN_K=True, GROUP_M=8, USE_FAST_ACCUM=False, num_stages=4, num_warps=8
  triton_mm_503 0.0484 ms 79.0% ACC_TYPE='tl.float32', ALLOW_TF32=True, BLOCK_K=32, BLOCK_M=128, BLOCK_N=128, EVEN_K=True, GROUP_M=8, USE_FAST_ACCUM=False, num_stages=2, num_warps=8
SingleProcess AUTOTUNE benchmarking takes 0.3277 seconds and 0.0002 seconds precompiling for 16 choices
Autotune Choices Stats:
{"num_choices": 16, "num_triton_choices": 15, "best_kernel": "mm", "best_time": 0.05119999870657921, "best_triton_pos": 1, "best_triton_time": 0.15824000537395477, "best_triton_kernel": "triton_mm_479", "best_triton_kernel_desc": "ACC_TYPE='tl.float32', ALLOW_TF32=True, BLOCK_K=32, BLOCK_M=64, BLOCK_N=32, EVEN_K=True, GROUP_M=8, USE_FAST_ACCUM=False, num_stages=5, num_warps=8"}
AUTOTUNE mm(128x25600, 25600x896)
strides: [1, 128], [896, 1]
dtypes: torch.bfloat16, torch.bfloat16
  mm 0.0512 ms 100.0% 
  triton_mm_479 0.1582 ms 32.4% ACC_TYPE='tl.float32', ALLOW_TF32=True, BLOCK_K=32, BLOCK_M=64, BLOCK_N=32, EVEN_K=True, GROUP_M=8, USE_FAST_ACCUM=False, num_stages=5, num_warps=8
  triton_mm_478 0.1626 ms 31.5% ACC_TYPE='tl.float32', ALLOW_TF32=True, BLOCK_K=32, BLOCK_M=32, BLOCK_N=64, EVEN_K=True, GROUP_M=8, USE_FAST_ACCUM=False, num_stages=5, num_warps=8
  triton_mm_477 0.1916 ms 26.7% ACC_TYPE='tl.float32', ALLOW_TF32=True, BLOCK_K=128, BLOCK_M=32, BLOCK_N=32, EVEN_K=True, GROUP_M=8, USE_FAST_ACCUM=False, num_stages=2, num_warps=4
  triton_mm_482 0.1918 ms 26.7% ACC_TYPE='tl.float32', ALLOW_TF32=True, BLOCK_K=64, BLOCK_M=64, BLOCK_N=64, EVEN_K=True, GROUP_M=8, USE_FAST_ACCUM=False, num_stages=3, num_warps=8
  triton_mm_485 0.2478 ms 20.7% ACC_TYPE='tl.float32', ALLOW_TF32=True, BLOCK_K=64, BLOCK_M=64, BLOCK_N=128, EVEN_K=True, GROUP_M=8, USE_FAST_ACCUM=False, num_stages=3, num_warps=4
  triton_mm_484 0.2625 ms 19.5% ACC_TYPE='tl.float32', ALLOW_TF32=True, BLOCK_K=32, BLOCK_M=64, BLOCK_N=128, EVEN_K=True, GROUP_M=8, USE_FAST_ACCUM=False, num_stages=4, num_warps=8
  triton_mm_487 0.2748 ms 18.6% ACC_TYPE='tl.float32', ALLOW_TF32=True, BLOCK_K=32, BLOCK_M=128, BLOCK_N=64, EVEN_K=True, GROUP_M=8, USE_FAST_ACCUM=False, num_stages=4, num_warps=8
  triton_mm_483 0.3399 ms 15.1% ACC_TYPE='tl.float32', ALLOW_TF32=True, BLOCK_K=32, BLOCK_M=64, BLOCK_N=128, EVEN_K=True, GROUP_M=8, USE_FAST_ACCUM=False, num_stages=3, num_warps=4
  triton_mm_486 0.3616 ms 14.2% ACC_TYPE='tl.float32', ALLOW_TF32=True, BLOCK_K=32, BLOCK_M=128, BLOCK_N=64, EVEN_K=True, GROUP_M=8, USE_FAST_ACCUM=False, num_stages=3, num_warps=4
SingleProcess AUTOTUNE benchmarking takes 0.6155 seconds and 0.0001 seconds precompiling for 16 choices
Autotune Choices Stats:
{"num_choices": 16, "num_triton_choices": 15, "best_kernel": "mm", "best_time": 0.14467200636863708, "best_triton_pos": 1, "best_triton_time": 0.25731199979782104, "best_triton_kernel": "triton_mm_545", "best_triton_kernel_desc": "ACC_TYPE='tl.float32', ALLOW_TF32=True, BLOCK_K=64, BLOCK_M=64, BLOCK_N=128, EVEN_K=True, GROUP_M=8, USE_FAST_ACCUM=False, num_stages=3, num_warps=4"}
AUTOTUNE mm(896x25600, 25600x896)
strides: [1, 896], [896, 1]
dtypes: torch.bfloat16, torch.bfloat16
  mm 0.1447 ms 100.0% 
  triton_mm_545 0.2573 ms 56.2% ACC_TYPE='tl.float32', ALLOW_TF32=True, BLOCK_K=64, BLOCK_M=64, BLOCK_N=128, EVEN_K=True, GROUP_M=8, USE_FAST_ACCUM=False, num_stages=3, num_warps=4
  triton_mm_544 0.2776 ms 52.1% ACC_TYPE='tl.float32', ALLOW_TF32=True, BLOCK_K=32, BLOCK_M=64, BLOCK_N=128, EVEN_K=True, GROUP_M=8, USE_FAST_ACCUM=False, num_stages=4, num_warps=8
  triton_mm_547 0.2854 ms 50.7% ACC_TYPE='tl.float32', ALLOW_TF32=True, BLOCK_K=32, BLOCK_M=128, BLOCK_N=64, EVEN_K=True, GROUP_M=8, USE_FAST_ACCUM=False, num_stages=4, num_warps=8
  triton_mm_542 0.2859 ms 50.6% ACC_TYPE='tl.float32', ALLOW_TF32=True, BLOCK_K=64, BLOCK_M=64, BLOCK_N=64, EVEN_K=True, GROUP_M=8, USE_FAST_ACCUM=False, num_stages=3, num_warps=8
  triton_mm_546 0.3330 ms 43.4% ACC_TYPE='tl.float32', ALLOW_TF32=True, BLOCK_K=32, BLOCK_M=128, BLOCK_N=64, EVEN_K=True, GROUP_M=8, USE_FAST_ACCUM=False, num_stages=3, num_warps=4
  triton_mm_538 0.3433 ms 42.1% ACC_TYPE='tl.float32', ALLOW_TF32=True, BLOCK_K=32, BLOCK_M=32, BLOCK_N=64, EVEN_K=True, GROUP_M=8, USE_FAST_ACCUM=False, num_stages=5, num_warps=8
  triton_mm_543 0.3454 ms 41.9% ACC_TYPE='tl.float32', ALLOW_TF32=True, BLOCK_K=32, BLOCK_M=64, BLOCK_N=128, EVEN_K=True, GROUP_M=8, USE_FAST_ACCUM=False, num_stages=3, num_warps=4
  triton_mm_537 0.3461 ms 41.8% ACC_TYPE='tl.float32', ALLOW_TF32=True, BLOCK_K=128, BLOCK_M=32, BLOCK_N=32, EVEN_K=True, GROUP_M=8, USE_FAST_ACCUM=False, num_stages=2, num_warps=4
  triton_mm_539 0.3551 ms 40.7% ACC_TYPE='tl.float32', ALLOW_TF32=True, BLOCK_K=32, BLOCK_M=64, BLOCK_N=32, EVEN_K=True, GROUP_M=8, USE_FAST_ACCUM=False, num_stages=5, num_warps=8
SingleProcess AUTOTUNE benchmarking takes 0.6647 seconds and 0.0001 seconds precompiling for 16 choices
Autotune Choices Stats:
{"num_choices": 16, "num_triton_choices": 15, "best_kernel": "triton_mm_564", "best_kernel_desc": "ACC_TYPE='tl.float32', ALLOW_TF32=True, BLOCK_K=32, BLOCK_M=128, BLOCK_N=128, EVEN_K=True, GROUP_M=8, USE_FAST_ACCUM=False, num_stages=3, num_warps=4", "best_time": 0.5891839861869812, "best_triton_pos": 0}
AUTOTUNE mm(25600x896, 896x4864)
strides: [896, 1], [1, 896]
dtypes: torch.bfloat16, torch.bfloat16
  triton_mm_564 0.5892 ms 100.0% ACC_TYPE='tl.float32', ALLOW_TF32=True, BLOCK_K=32, BLOCK_M=128, BLOCK_N=128, EVEN_K=True, GROUP_M=8, USE_FAST_ACCUM=False, num_stages=3, num_warps=4
  mm 0.6144 ms 95.9% 
  triton_mm_563 0.6581 ms 89.5% ACC_TYPE='tl.float32', ALLOW_TF32=True, BLOCK_K=32, BLOCK_M=128, BLOCK_N=128, EVEN_K=True, GROUP_M=8, USE_FAST_ACCUM=False, num_stages=2, num_warps=8
  triton_mm_565 0.6996 ms 84.2% ACC_TYPE='tl.float32', ALLOW_TF32=True, BLOCK_K=64, BLOCK_M=128, BLOCK_N=128, EVEN_K=True, GROUP_M=8, USE_FAST_ACCUM=False, num_stages=3, num_warps=4
  triton_mm_558 0.7032 ms 83.8% ACC_TYPE='tl.float32', ALLOW_TF32=True, BLOCK_K=32, BLOCK_M=64, BLOCK_N=128, EVEN_K=True, GROUP_M=8, USE_FAST_ACCUM=False, num_stages=3, num_warps=4
  triton_mm_561 0.7086 ms 83.1% ACC_TYPE='tl.float32', ALLOW_TF32=True, BLOCK_K=32, BLOCK_M=128, BLOCK_N=64, EVEN_K=True, GROUP_M=8, USE_FAST_ACCUM=False, num_stages=3, num_warps=4
  triton_mm_562 0.7168 ms 82.2% ACC_TYPE='tl.float32', ALLOW_TF32=True, BLOCK_K=32, BLOCK_M=128, BLOCK_N=64, EVEN_K=True, GROUP_M=8, USE_FAST_ACCUM=False, num_stages=4, num_warps=8
  triton_mm_559 0.7209 ms 81.7% ACC_TYPE='tl.float32', ALLOW_TF32=True, BLOCK_K=32, BLOCK_M=64, BLOCK_N=128, EVEN_K=True, GROUP_M=8, USE_FAST_ACCUM=False, num_stages=4, num_warps=8
  triton_mm_560 0.7264 ms 81.1% ACC_TYPE='tl.float32', ALLOW_TF32=True, BLOCK_K=64, BLOCK_M=64, BLOCK_N=128, EVEN_K=True, GROUP_M=8, USE_FAST_ACCUM=False, num_stages=3, num_warps=4
  triton_mm_556 0.9035 ms 65.2% ACC_TYPE='tl.float32', ALLOW_TF32=True, BLOCK_K=32, BLOCK_M=64, BLOCK_N=64, EVEN_K=True, GROUP_M=8, USE_FAST_ACCUM=False, num_stages=2, num_warps=4
SingleProcess AUTOTUNE benchmarking takes 0.7072 seconds and 0.2249 seconds precompiling for 16 choices
Autotune Choices Stats:
{"num_choices": 16, "num_triton_choices": 15, "best_kernel": "mm", "best_time": 0.5662720203399658, "best_triton_pos": 1, "best_triton_time": 0.6178240180015564, "best_triton_kernel": "triton_mm_639", "best_triton_kernel_desc": "ACC_TYPE='tl.float32', ALLOW_TF32=True, BLOCK_K=32, BLOCK_M=128, BLOCK_N=128, EVEN_K=True, GROUP_M=8, USE_FAST_ACCUM=False, num_stages=3, num_warps=4"}
AUTOTUNE mm(25600x4864, 4864x896)
strides: [4864, 1], [896, 1]
dtypes: torch.bfloat16, torch.bfloat16
  mm 0.5663 ms 100.0% 
  triton_mm_639 0.6178 ms 91.7% ACC_TYPE='tl.float32', ALLOW_TF32=True, BLOCK_K=32, BLOCK_M=128, BLOCK_N=128, EVEN_K=True, GROUP_M=8, USE_FAST_ACCUM=False, num_stages=3, num_warps=4
  triton_mm_640 0.6627 ms 85.5% ACC_TYPE='tl.float32', ALLOW_TF32=True, BLOCK_K=64, BLOCK_M=128, BLOCK_N=128, EVEN_K=True, GROUP_M=8, USE_FAST_ACCUM=False, num_stages=3, num_warps=4
  triton_mm_638 0.6860 ms 82.6% ACC_TYPE='tl.float32', ALLOW_TF32=True, BLOCK_K=32, BLOCK_M=128, BLOCK_N=128, EVEN_K=True, GROUP_M=8, USE_FAST_ACCUM=False, num_stages=2, num_warps=8
  triton_mm_635 0.6998 ms 80.9% ACC_TYPE='tl.float32', ALLOW_TF32=True, BLOCK_K=64, BLOCK_M=64, BLOCK_N=128, EVEN_K=True, GROUP_M=8, USE_FAST_ACCUM=False, num_stages=3, num_warps=4
  triton_mm_633 0.7004 ms 80.8% ACC_TYPE='tl.float32', ALLOW_TF32=True, BLOCK_K=32, BLOCK_M=64, BLOCK_N=128, EVEN_K=True, GROUP_M=8, USE_FAST_ACCUM=False, num_stages=3, num_warps=4
  triton_mm_636 0.7107 ms 79.7% ACC_TYPE='tl.float32', ALLOW_TF32=True, BLOCK_K=32, BLOCK_M=128, BLOCK_N=64, EVEN_K=True, GROUP_M=8, USE_FAST_ACCUM=False, num_stages=3, num_warps=4
  triton_mm_634 0.7148 ms 79.2% ACC_TYPE='tl.float32', ALLOW_TF32=True, BLOCK_K=32, BLOCK_M=64, BLOCK_N=128, EVEN_K=True, GROUP_M=8, USE_FAST_ACCUM=False, num_stages=4, num_warps=8
  triton_mm_637 0.7278 ms 77.8% ACC_TYPE='tl.float32', ALLOW_TF32=True, BLOCK_K=32, BLOCK_M=128, BLOCK_N=64, EVEN_K=True, GROUP_M=8, USE_FAST_ACCUM=False, num_stages=4, num_warps=8
  triton_mm_632 0.9046 ms 62.6% ACC_TYPE='tl.float32', ALLOW_TF32=True, BLOCK_K=64, BLOCK_M=64, BLOCK_N=64, EVEN_K=True, GROUP_M=8, USE_FAST_ACCUM=False, num_stages=3, num_warps=8
SingleProcess AUTOTUNE benchmarking takes 0.6924 seconds and 0.2033 seconds precompiling for 16 choices
Autotune Choices Stats:
{"num_choices": 16, "num_triton_choices": 15, "best_kernel": "mm", "best_time": 0.5521280169487, "best_triton_pos": 1, "best_triton_time": 0.7106559872627258, "best_triton_kernel": "triton_mm_588", "best_triton_kernel_desc": "ACC_TYPE='tl.float32', ALLOW_TF32=True, BLOCK_K=32, BLOCK_M=64, BLOCK_N=128, EVEN_K=True, GROUP_M=8, USE_FAST_ACCUM=False, num_stages=3, num_warps=4"}
AUTOTUNE mm(4864x25600, 25600x896)
strides: [1, 4864], [896, 1]
dtypes: torch.bfloat16, torch.bfloat16
  mm 0.5521 ms 100.0% 
  triton_mm_588 0.7107 ms 77.7% ACC_TYPE='tl.float32', ALLOW_TF32=True, BLOCK_K=32, BLOCK_M=64, BLOCK_N=128, EVEN_K=True, GROUP_M=8, USE_FAST_ACCUM=False, num_stages=3, num_warps=4
  triton_mm_591 0.7141 ms 77.3% ACC_TYPE='tl.float32', ALLOW_TF32=True, BLOCK_K=32, BLOCK_M=128, BLOCK_N=64, EVEN_K=True, GROUP_M=8, USE_FAST_ACCUM=False, num_stages=3, num_warps=4
  triton_mm_590 0.7393 ms 74.7% ACC_TYPE='tl.float32', ALLOW_TF32=True, BLOCK_K=64, BLOCK_M=64, BLOCK_N=128, EVEN_K=True, GROUP_M=8, USE_FAST_ACCUM=False, num_stages=3, num_warps=4
  triton_mm_589 0.7530 ms 73.3% ACC_TYPE='tl.float32', ALLOW_TF32=True, BLOCK_K=32, BLOCK_M=64, BLOCK_N=128, EVEN_K=True, GROUP_M=8, USE_FAST_ACCUM=False, num_stages=4, num_warps=8
  triton_mm_592 0.7672 ms 72.0% ACC_TYPE='tl.float32', ALLOW_TF32=True, BLOCK_K=32, BLOCK_M=128, BLOCK_N=64, EVEN_K=True, GROUP_M=8, USE_FAST_ACCUM=False, num_stages=4, num_warps=8
  triton_mm_594 0.7816 ms 70.6% ACC_TYPE='tl.float32', ALLOW_TF32=True, BLOCK_K=32, BLOCK_M=128, BLOCK_N=128, EVEN_K=True, GROUP_M=8, USE_FAST_ACCUM=False, num_stages=3, num_warps=4
  triton_mm_593 0.8172 ms 67.6% ACC_TYPE='tl.float32', ALLOW_TF32=True, BLOCK_K=32, BLOCK_M=128, BLOCK_N=128, EVEN_K=True, GROUP_M=8, USE_FAST_ACCUM=False, num_stages=2, num_warps=8
  triton_mm_595 0.8694 ms 63.5% ACC_TYPE='tl.float32', ALLOW_TF32=True, BLOCK_K=64, BLOCK_M=128, BLOCK_N=128, EVEN_K=True, GROUP_M=8, USE_FAST_ACCUM=False, num_stages=3, num_warps=4
  triton_mm_586 0.9097 ms 60.7% ACC_TYPE='tl.float32', ALLOW_TF32=True, BLOCK_K=32, BLOCK_M=64, BLOCK_N=64, EVEN_K=True, GROUP_M=8, USE_FAST_ACCUM=False, num_stages=2, num_warps=4
SingleProcess AUTOTUNE benchmarking takes 0.6905 seconds and 0.0002 seconds precompiling for 16 choices
Autotune Choices Stats:
{"num_choices": 16, "num_triton_choices": 15, "best_kernel": "mm", "best_time": 0.5806080102920532, "best_triton_pos": 1, "best_triton_time": 0.6152639985084534, "best_triton_kernel": "triton_mm_654", "best_triton_kernel_desc": "ACC_TYPE='tl.float32', ALLOW_TF32=True, BLOCK_K=32, BLOCK_M=128, BLOCK_N=128, EVEN_K=True, GROUP_M=8, USE_FAST_ACCUM=False, num_stages=3, num_warps=4"}
AUTOTUNE mm(25600x4864, 4864x896)
strides: [4864, 1], [1, 4864]
dtypes: torch.bfloat16, torch.bfloat16
  mm 0.5806 ms 100.0% 
  triton_mm_654 0.6153 ms 94.4% ACC_TYPE='tl.float32', ALLOW_TF32=True, BLOCK_K=32, BLOCK_M=128, BLOCK_N=128, EVEN_K=True, GROUP_M=8, USE_FAST_ACCUM=False, num_stages=3, num_warps=4
  triton_mm_655 0.6690 ms 86.8% ACC_TYPE='tl.float32', ALLOW_TF32=True, BLOCK_K=64, BLOCK_M=128, BLOCK_N=128, EVEN_K=True, GROUP_M=8, USE_FAST_ACCUM=False, num_stages=3, num_warps=4
  triton_mm_653 0.6967 ms 83.3% ACC_TYPE='tl.float32', ALLOW_TF32=True, BLOCK_K=32, BLOCK_M=128, BLOCK_N=128, EVEN_K=True, GROUP_M=8, USE_FAST_ACCUM=False, num_stages=2, num_warps=8
  triton_mm_650 0.7160 ms 81.1% ACC_TYPE='tl.float32', ALLOW_TF32=True, BLOCK_K=64, BLOCK_M=64, BLOCK_N=128, EVEN_K=True, GROUP_M=8, USE_FAST_ACCUM=False, num_stages=3, num_warps=4
  triton_mm_648 0.7222 ms 80.4% ACC_TYPE='tl.float32', ALLOW_TF32=True, BLOCK_K=32, BLOCK_M=64, BLOCK_N=128, EVEN_K=True, GROUP_M=8, USE_FAST_ACCUM=False, num_stages=3, num_warps=4
  triton_mm_651 0.7237 ms 80.2% ACC_TYPE='tl.float32', ALLOW_TF32=True, BLOCK_K=32, BLOCK_M=128, BLOCK_N=64, EVEN_K=True, GROUP_M=8, USE_FAST_ACCUM=False, num_stages=3, num_warps=4
  triton_mm_652 0.7303 ms 79.5% ACC_TYPE='tl.float32', ALLOW_TF32=True, BLOCK_K=32, BLOCK_M=128, BLOCK_N=64, EVEN_K=True, GROUP_M=8, USE_FAST_ACCUM=False, num_stages=4, num_warps=8
  triton_mm_649 0.7352 ms 79.0% ACC_TYPE='tl.float32', ALLOW_TF32=True, BLOCK_K=32, BLOCK_M=64, BLOCK_N=128, EVEN_K=True, GROUP_M=8, USE_FAST_ACCUM=False, num_stages=4, num_warps=8
  triton_mm_647 0.9052 ms 64.1% ACC_TYPE='tl.float32', ALLOW_TF32=True, BLOCK_K=64, BLOCK_M=64, BLOCK_N=64, EVEN_K=True, GROUP_M=8, USE_FAST_ACCUM=False, num_stages=3, num_warps=8
SingleProcess AUTOTUNE benchmarking takes 0.7077 seconds and 0.2206 seconds precompiling for 16 choices
Autotune Choices Stats:
{"num_choices": 16, "num_triton_choices": 15, "best_kernel": "mm", "best_time": 0.5528320074081421, "best_triton_pos": 1, "best_triton_time": 0.7130879759788513, "best_triton_kernel": "triton_mm_666", "best_triton_kernel_desc": "ACC_TYPE='tl.float32', ALLOW_TF32=True, BLOCK_K=32, BLOCK_M=128, BLOCK_N=64, EVEN_K=True, GROUP_M=8, USE_FAST_ACCUM=False, num_stages=3, num_warps=4"}
AUTOTUNE mm(896x25600, 25600x4864)
strides: [1, 896], [4864, 1]
dtypes: torch.bfloat16, torch.bfloat16
  mm 0.5528 ms 100.0% 
  triton_mm_666 0.7131 ms 77.5% ACC_TYPE='tl.float32', ALLOW_TF32=True, BLOCK_K=32, BLOCK_M=128, BLOCK_N=64, EVEN_K=True, GROUP_M=8, USE_FAST_ACCUM=False, num_stages=3, num_warps=4
  triton_mm_663 0.7138 ms 77.5% ACC_TYPE='tl.float32', ALLOW_TF32=True, BLOCK_K=32, BLOCK_M=64, BLOCK_N=128, EVEN_K=True, GROUP_M=8, USE_FAST_ACCUM=False, num_stages=3, num_warps=4
  triton_mm_665 0.7547 ms 73.3% ACC_TYPE='tl.float32', ALLOW_TF32=True, BLOCK_K=64, BLOCK_M=64, BLOCK_N=128, EVEN_K=True, GROUP_M=8, USE_FAST_ACCUM=False, num_stages=3, num_warps=4
  triton_mm_664 0.7598 ms 72.8% ACC_TYPE='tl.float32', ALLOW_TF32=True, BLOCK_K=32, BLOCK_M=64, BLOCK_N=128, EVEN_K=True, GROUP_M=8, USE_FAST_ACCUM=False, num_stages=4, num_warps=8
  triton_mm_667 0.7619 ms 72.6% ACC_TYPE='tl.float32', ALLOW_TF32=True, BLOCK_K=32, BLOCK_M=128, BLOCK_N=64, EVEN_K=True, GROUP_M=8, USE_FAST_ACCUM=False, num_stages=4, num_warps=8
  triton_mm_669 0.7813 ms 70.8% ACC_TYPE='tl.float32', ALLOW_TF32=True, BLOCK_K=32, BLOCK_M=128, BLOCK_N=128, EVEN_K=True, GROUP_M=8, USE_FAST_ACCUM=False, num_stages=3, num_warps=4
  triton_mm_668 0.8397 ms 65.8% ACC_TYPE='tl.float32', ALLOW_TF32=True, BLOCK_K=32, BLOCK_M=128, BLOCK_N=128, EVEN_K=True, GROUP_M=8, USE_FAST_ACCUM=False, num_stages=2, num_warps=8
  triton_mm_670 0.8675 ms 63.7% ACC_TYPE='tl.float32', ALLOW_TF32=True, BLOCK_K=64, BLOCK_M=128, BLOCK_N=128, EVEN_K=True, GROUP_M=8, USE_FAST_ACCUM=False, num_stages=3, num_warps=4
  triton_mm_661 0.9096 ms 60.8% ACC_TYPE='tl.float32', ALLOW_TF32=True, BLOCK_K=32, BLOCK_M=64, BLOCK_N=64, EVEN_K=True, GROUP_M=8, USE_FAST_ACCUM=False, num_stages=2, num_warps=4
SingleProcess AUTOTUNE benchmarking takes 0.6918 seconds and 0.2636 seconds precompiling for 16 choices
Autotune Choices Stats:
{"num_choices": 16, "num_triton_choices": 15, "best_kernel": "triton_mm_684", "best_kernel_desc": "ACC_TYPE='tl.float32', ALLOW_TF32=True, BLOCK_K=32, BLOCK_M=128, BLOCK_N=128, EVEN_K=True, GROUP_M=8, USE_FAST_ACCUM=False, num_stages=3, num_warps=4", "best_time": 0.5939199924468994, "best_triton_pos": 0}
AUTOTUNE mm(25600x896, 896x4864)
strides: [896, 1], [4864, 1]
dtypes: torch.bfloat16, torch.bfloat16
  triton_mm_684 0.5939 ms 100.0% ACC_TYPE='tl.float32', ALLOW_TF32=True, BLOCK_K=32, BLOCK_M=128, BLOCK_N=128, EVEN_K=True, GROUP_M=8, USE_FAST_ACCUM=False, num_stages=3, num_warps=4
  mm 0.6246 ms 95.1% 
  triton_mm_683 0.6444 ms 92.2% ACC_TYPE='tl.float32', ALLOW_TF32=True, BLOCK_K=32, BLOCK_M=128, BLOCK_N=128, EVEN_K=True, GROUP_M=8, USE_FAST_ACCUM=False, num_stages=2, num_warps=8
  triton_mm_678 0.6936 ms 85.6% ACC_TYPE='tl.float32', ALLOW_TF32=True, BLOCK_K=32, BLOCK_M=64, BLOCK_N=128, EVEN_K=True, GROUP_M=8, USE_FAST_ACCUM=False, num_stages=3, num_warps=4
  triton_mm_685 0.6944 ms 85.5% ACC_TYPE='tl.float32', ALLOW_TF32=True, BLOCK_K=64, BLOCK_M=128, BLOCK_N=128, EVEN_K=True, GROUP_M=8, USE_FAST_ACCUM=False, num_stages=3, num_warps=4
  triton_mm_681 0.7018 ms 84.6% ACC_TYPE='tl.float32', ALLOW_TF32=True, BLOCK_K=32, BLOCK_M=128, BLOCK_N=64, EVEN_K=True, GROUP_M=8, USE_FAST_ACCUM=False, num_stages=3, num_warps=4
  triton_mm_679 0.7148 ms 83.1% ACC_TYPE='tl.float32', ALLOW_TF32=True, BLOCK_K=32, BLOCK_M=64, BLOCK_N=128, EVEN_K=True, GROUP_M=8, USE_FAST_ACCUM=False, num_stages=4, num_warps=8
  triton_mm_682 0.7168 ms 82.9% ACC_TYPE='tl.float32', ALLOW_TF32=True, BLOCK_K=32, BLOCK_M=128, BLOCK_N=64, EVEN_K=True, GROUP_M=8, USE_FAST_ACCUM=False, num_stages=4, num_warps=8
  triton_mm_680 0.7175 ms 82.8% ACC_TYPE='tl.float32', ALLOW_TF32=True, BLOCK_K=64, BLOCK_M=64, BLOCK_N=128, EVEN_K=True, GROUP_M=8, USE_FAST_ACCUM=False, num_stages=3, num_warps=4
  triton_mm_677 0.9052 ms 65.6% ACC_TYPE='tl.float32', ALLOW_TF32=True, BLOCK_K=64, BLOCK_M=64, BLOCK_N=64, EVEN_K=True, GROUP_M=8, USE_FAST_ACCUM=False, num_stages=3, num_warps=8
SingleProcess AUTOTUNE benchmarking takes 0.6976 seconds and 0.0002 seconds precompiling for 16 choices
  4%|▍         | 2/50 [01:33<34:07, 42.65s/it]  6%|▌         | 3/50 [01:33<18:14, 23.29s/it]  8%|▊         | 4/50 [01:34<10:55, 14.25s/it] 10%|█         | 5/50 [01:34<06:56,  9.26s/it] 12%|█▏        | 6/50 [01:34<04:32,  6.20s/it] 14%|█▍        | 7/50 [01:35<03:13,  4.49s/it] 16%|█▌        | 8/50 [01:35<02:12,  3.15s/it] 18%|█▊        | 9/50 [01:36<01:32,  2.24s/it] 20%|██        | 10/50 [01:36<01:05,  1.64s/it]                                                20%|██        | 10/50 [01:36<01:05,  1.64s/it] 22%|██▏       | 11/50 [01:36<00:47,  1.22s/it] 24%|██▍       | 12/50 [01:37<00:35,  1.07it/s] 26%|██▌       | 13/50 [01:37<00:26,  1.38it/s] 28%|██▊       | 14/50 [01:37<00:21,  1.69it/s] 30%|███       | 15/50 [01:37<00:17,  2.00it/s] 32%|███▏      | 16/50 [01:38<00:14,  2.32it/s] 34%|███▍      | 17/50 [01:38<00:12,  2.61it/s]Autotune Choices Stats:
{"num_choices": 8, "num_triton_choices": 7, "best_kernel": "convolution", "best_time": 0.43007999658584595, "best_triton_pos": 1, "best_triton_time": 0.6229760050773621, "best_triton_kernel": "triton_convolution2d_689", "best_triton_kernel_desc": "ALLOW_TF32=True, BLOCK_K=16, BLOCK_M=128, BLOCK_N=128, GROUPS=1, KERNEL_H=16, KERNEL_W=16, PADDING_H=0, PADDING_W=0, STRIDE_H=16, STRIDE_W=16, UNROLL=False, num_stages=2, num_warps=8"}
AUTOTUNE convolution(63x3x224x224, 768x3x16x16)
strides: [150528, 50176, 224, 1], [768, 256, 16, 1]
dtypes: torch.bfloat16, torch.bfloat16
  convolution 0.4301 ms 100.0% 
  triton_convolution2d_689 0.6230 ms 69.0% ALLOW_TF32=True, BLOCK_K=16, BLOCK_M=128, BLOCK_N=128, GROUPS=1, KERNEL_H=16, KERNEL_W=16, PADDING_H=0, PADDING_W=0, STRIDE_H=16, STRIDE_W=16, UNROLL=False, num_stages=2, num_warps=8
  triton_convolution2d_692 0.6762 ms 63.6% ALLOW_TF32=True, BLOCK_K=16, BLOCK_M=256, BLOCK_N=64, GROUPS=1, KERNEL_H=16, KERNEL_W=16, PADDING_H=0, PADDING_W=0, STRIDE_H=16, STRIDE_W=16, UNROLL=False, num_stages=2, num_warps=8
  triton_convolution2d_687 0.7039 ms 61.1% ALLOW_TF32=True, BLOCK_K=16, BLOCK_M=256, BLOCK_N=64, GROUPS=1, KERNEL_H=16, KERNEL_W=16, PADDING_H=0, PADDING_W=0, STRIDE_H=16, STRIDE_W=16, UNROLL=False, num_stages=2, num_warps=4
  triton_convolution2d_686 0.9885 ms 43.5% ALLOW_TF32=True, BLOCK_K=16, BLOCK_M=64, BLOCK_N=256, GROUPS=1, KERNEL_H=16, KERNEL_W=16, PADDING_H=0, PADDING_W=0, STRIDE_H=16, STRIDE_W=16, UNROLL=False, num_stages=2, num_warps=4
  triton_convolution2d_691 1.0168 ms 42.3% ALLOW_TF32=True, BLOCK_K=16, BLOCK_M=64, BLOCK_N=256, GROUPS=1, KERNEL_H=16, KERNEL_W=16, PADDING_H=0, PADDING_W=0, STRIDE_H=16, STRIDE_W=16, UNROLL=False, num_stages=2, num_warps=8
  triton_convolution2d_690 1.0718 ms 40.1% ALLOW_TF32=True, BLOCK_K=16, BLOCK_M=64, BLOCK_N=64, GROUPS=1, KERNEL_H=16, KERNEL_W=16, PADDING_H=0, PADDING_W=0, STRIDE_H=16, STRIDE_W=16, UNROLL=False, num_stages=2, num_warps=4
  triton_convolution2d_688 2.3777 ms 18.1% ALLOW_TF32=True, BLOCK_K=16, BLOCK_M=1024, BLOCK_N=16, GROUPS=1, KERNEL_H=16, KERNEL_W=16, PADDING_H=0, PADDING_W=0, STRIDE_H=16, STRIDE_W=16, UNROLL=False, num_stages=1, num_warps=8
SingleProcess AUTOTUNE benchmarking takes 0.3594 seconds and 0.1830 seconds precompiling for 8 choices
Autotune Choices Stats:
{"num_choices": 17, "num_triton_choices": 15, "best_kernel": "triton_mm_703", "best_kernel_desc": "ACC_TYPE='tl.float32', ALLOW_TF32=True, BLOCK_K=32, BLOCK_M=128, BLOCK_N=64, EVEN_K=True, GROUP_M=8, USE_FAST_ACCUM=False, num_stages=3, num_warps=4", "best_time": 0.06735999882221222, "best_triton_pos": 0}
AUTOTUNE addmm(12348x768, 12348x768, 768x768)
strides: [0, 1], [768, 1], [1, 768]
dtypes: torch.bfloat16, torch.bfloat16, torch.bfloat16
  triton_mm_703 0.0674 ms 100.0% ACC_TYPE='tl.float32', ALLOW_TF32=True, BLOCK_K=32, BLOCK_M=128, BLOCK_N=64, EVEN_K=True, GROUP_M=8, USE_FAST_ACCUM=False, num_stages=3, num_warps=4
  triton_mm_700 0.0689 ms 97.8% ACC_TYPE='tl.float32', ALLOW_TF32=True, BLOCK_K=32, BLOCK_M=64, BLOCK_N=128, EVEN_K=True, GROUP_M=8, USE_FAST_ACCUM=False, num_stages=3, num_warps=4
  triton_mm_702 0.0700 ms 96.2% ACC_TYPE='tl.float32', ALLOW_TF32=True, BLOCK_K=64, BLOCK_M=64, BLOCK_N=128, EVEN_K=True, GROUP_M=8, USE_FAST_ACCUM=False, num_stages=3, num_warps=4
  triton_mm_706 0.0729 ms 92.4% ACC_TYPE='tl.float32', ALLOW_TF32=True, BLOCK_K=32, BLOCK_M=128, BLOCK_N=128, EVEN_K=True, GROUP_M=8, USE_FAST_ACCUM=False, num_stages=3, num_warps=4
  triton_mm_701 0.0729 ms 92.4% ACC_TYPE='tl.float32', ALLOW_TF32=True, BLOCK_K=32, BLOCK_M=64, BLOCK_N=128, EVEN_K=True, GROUP_M=8, USE_FAST_ACCUM=False, num_stages=4, num_warps=8
  bias_addmm 0.0731 ms 92.2% 
  triton_mm_704 0.0731 ms 92.2% ACC_TYPE='tl.float32', ALLOW_TF32=True, BLOCK_K=32, BLOCK_M=128, BLOCK_N=64, EVEN_K=True, GROUP_M=8, USE_FAST_ACCUM=False, num_stages=4, num_warps=8
  triton_mm_699 0.0771 ms 87.4% ACC_TYPE='tl.float32', ALLOW_TF32=True, BLOCK_K=64, BLOCK_M=64, BLOCK_N=64, EVEN_K=True, GROUP_M=8, USE_FAST_ACCUM=False, num_stages=3, num_warps=8
  triton_mm_707 0.0780 ms 86.3% ACC_TYPE='tl.float32', ALLOW_TF32=True, BLOCK_K=64, BLOCK_M=128, BLOCK_N=128, EVEN_K=True, GROUP_M=8, USE_FAST_ACCUM=False, num_stages=3, num_warps=4
  triton_mm_705 0.0832 ms 81.0% ACC_TYPE='tl.float32', ALLOW_TF32=True, BLOCK_K=32, BLOCK_M=128, BLOCK_N=128, EVEN_K=True, GROUP_M=8, USE_FAST_ACCUM=False, num_stages=2, num_warps=8
SingleProcess AUTOTUNE benchmarking takes 0.4845 seconds and 0.2298 seconds precompiling for 17 choices
Autotune Choices Stats:
{"num_choices": 16, "num_triton_choices": 15, "best_kernel": "triton_mm_766", "best_kernel_desc": "ACC_TYPE='tl.float32', ALLOW_TF32=True, BLOCK_K=32, BLOCK_M=128, BLOCK_N=128, EVEN_K=True, GROUP_M=8, USE_FAST_ACCUM=False, num_stages=3, num_warps=4", "best_time": 0.17948800325393677, "best_triton_pos": 0}
AUTOTUNE mm(12348x768, 768x3072)
strides: [768, 1], [1, 768]
dtypes: torch.bfloat16, torch.bfloat16
  triton_mm_766 0.1795 ms 100.0% ACC_TYPE='tl.float32', ALLOW_TF32=True, BLOCK_K=32, BLOCK_M=128, BLOCK_N=128, EVEN_K=True, GROUP_M=8, USE_FAST_ACCUM=False, num_stages=3, num_warps=4
  mm 0.1952 ms 92.0% 
  triton_mm_760 0.1979 ms 90.7% ACC_TYPE='tl.float32', ALLOW_TF32=True, BLOCK_K=32, BLOCK_M=64, BLOCK_N=128, EVEN_K=True, GROUP_M=8, USE_FAST_ACCUM=False, num_stages=3, num_warps=4
  triton_mm_763 0.1987 ms 90.4% ACC_TYPE='tl.float32', ALLOW_TF32=True, BLOCK_K=32, BLOCK_M=128, BLOCK_N=64, EVEN_K=True, GROUP_M=8, USE_FAST_ACCUM=False, num_stages=3, num_warps=4
  triton_mm_761 0.2038 ms 88.1% ACC_TYPE='tl.float32', ALLOW_TF32=True, BLOCK_K=32, BLOCK_M=64, BLOCK_N=128, EVEN_K=True, GROUP_M=8, USE_FAST_ACCUM=False, num_stages=4, num_warps=8
  triton_mm_764 0.2081 ms 86.3% ACC_TYPE='tl.float32', ALLOW_TF32=True, BLOCK_K=32, BLOCK_M=128, BLOCK_N=64, EVEN_K=True, GROUP_M=8, USE_FAST_ACCUM=False, num_stages=4, num_warps=8
  triton_mm_762 0.2081 ms 86.2% ACC_TYPE='tl.float32', ALLOW_TF32=True, BLOCK_K=64, BLOCK_M=64, BLOCK_N=128, EVEN_K=True, GROUP_M=8, USE_FAST_ACCUM=False, num_stages=3, num_warps=4
  triton_mm_765 0.2103 ms 85.3% ACC_TYPE='tl.float32', ALLOW_TF32=True, BLOCK_K=32, BLOCK_M=128, BLOCK_N=128, EVEN_K=True, GROUP_M=8, USE_FAST_ACCUM=False, num_stages=2, num_warps=8
  triton_mm_767 0.2109 ms 85.1% ACC_TYPE='tl.float32', ALLOW_TF32=True, BLOCK_K=64, BLOCK_M=128, BLOCK_N=128, EVEN_K=True, GROUP_M=8, USE_FAST_ACCUM=False, num_stages=3, num_warps=4
  triton_mm_759 0.2490 ms 72.1% ACC_TYPE='tl.float32', ALLOW_TF32=True, BLOCK_K=64, BLOCK_M=64, BLOCK_N=64, EVEN_K=True, GROUP_M=8, USE_FAST_ACCUM=False, num_stages=3, num_warps=8
SingleProcess AUTOTUNE benchmarking takes 0.6615 seconds and 0.1060 seconds precompiling for 16 choices
Autotune Choices Stats:
{"num_choices": 16, "num_triton_choices": 15, "best_kernel": "mm", "best_time": 0.1944960057735443, "best_triton_pos": 1, "best_triton_time": 0.21094399690628052, "best_triton_kernel": "triton_mm_781", "best_triton_kernel_desc": "ACC_TYPE='tl.float32', ALLOW_TF32=True, BLOCK_K=32, BLOCK_M=128, BLOCK_N=128, EVEN_K=True, GROUP_M=8, USE_FAST_ACCUM=False, num_stages=3, num_warps=4"}
AUTOTUNE mm(12348x3072, 3072x768)
strides: [3072, 1], [1, 3072]
dtypes: torch.bfloat16, torch.bfloat16
  mm 0.1945 ms 100.0% 
  triton_mm_781 0.2109 ms 92.2% ACC_TYPE='tl.float32', ALLOW_TF32=True, BLOCK_K=32, BLOCK_M=128, BLOCK_N=128, EVEN_K=True, GROUP_M=8, USE_FAST_ACCUM=False, num_stages=3, num_warps=4
  triton_mm_777 0.2245 ms 86.6% ACC_TYPE='tl.float32', ALLOW_TF32=True, BLOCK_K=64, BLOCK_M=64, BLOCK_N=128, EVEN_K=True, GROUP_M=8, USE_FAST_ACCUM=False, num_stages=3, num_warps=4
  triton_mm_775 0.2253 ms 86.3% ACC_TYPE='tl.float32', ALLOW_TF32=True, BLOCK_K=32, BLOCK_M=64, BLOCK_N=128, EVEN_K=True, GROUP_M=8, USE_FAST_ACCUM=False, num_stages=3, num_warps=4
  triton_mm_778 0.2257 ms 86.2% ACC_TYPE='tl.float32', ALLOW_TF32=True, BLOCK_K=32, BLOCK_M=128, BLOCK_N=64, EVEN_K=True, GROUP_M=8, USE_FAST_ACCUM=False, num_stages=3, num_warps=4
  triton_mm_782 0.2270 ms 85.7% ACC_TYPE='tl.float32', ALLOW_TF32=True, BLOCK_K=64, BLOCK_M=128, BLOCK_N=128, EVEN_K=True, GROUP_M=8, USE_FAST_ACCUM=False, num_stages=3, num_warps=4
  triton_mm_776 0.2318 ms 83.9% ACC_TYPE='tl.float32', ALLOW_TF32=True, BLOCK_K=32, BLOCK_M=64, BLOCK_N=128, EVEN_K=True, GROUP_M=8, USE_FAST_ACCUM=False, num_stages=4, num_warps=8
  triton_mm_780 0.2368 ms 82.1% ACC_TYPE='tl.float32', ALLOW_TF32=True, BLOCK_K=32, BLOCK_M=128, BLOCK_N=128, EVEN_K=True, GROUP_M=8, USE_FAST_ACCUM=False, num_stages=2, num_warps=8
  triton_mm_779 0.2380 ms 81.7% ACC_TYPE='tl.float32', ALLOW_TF32=True, BLOCK_K=32, BLOCK_M=128, BLOCK_N=64, EVEN_K=True, GROUP_M=8, USE_FAST_ACCUM=False, num_stages=4, num_warps=8
  triton_mm_774 0.2656 ms 73.2% ACC_TYPE='tl.float32', ALLOW_TF32=True, BLOCK_K=64, BLOCK_M=64, BLOCK_N=64, EVEN_K=True, GROUP_M=8, USE_FAST_ACCUM=False, num_stages=3, num_warps=8
SingleProcess AUTOTUNE benchmarking takes 0.6789 seconds and 0.0002 seconds precompiling for 16 choices
Autotune Choices Stats:
{"num_choices": 14, "num_triton_choices": 13, "best_kernel": "triton_mm_828", "best_kernel_desc": "ACC_TYPE='tl.float32', ALLOW_TF32=True, BLOCK_K=64, BLOCK_M=64, BLOCK_N=64, EVEN_K=True, GROUP_M=8, USE_FAST_ACCUM=False, num_stages=3, num_warps=8", "best_time": 0.01235199999064207, "best_triton_pos": 0}
AUTOTUNE mm(63x768, 768x3072)
strides: [768, 1], [1, 768]
dtypes: torch.bfloat16, torch.bfloat16
  triton_mm_828 0.0124 ms 100.0% ACC_TYPE='tl.float32', ALLOW_TF32=True, BLOCK_K=64, BLOCK_M=64, BLOCK_N=64, EVEN_K=True, GROUP_M=8, USE_FAST_ACCUM=False, num_stages=3, num_warps=8
  triton_mm_831 0.0137 ms 90.2% ACC_TYPE='tl.float32', ALLOW_TF32=True, BLOCK_K=64, BLOCK_M=64, BLOCK_N=128, EVEN_K=True, GROUP_M=8, USE_FAST_ACCUM=False, num_stages=3, num_warps=4
  mm 0.0156 ms 79.3% 
  triton_mm_823 0.0156 ms 79.1% ACC_TYPE='tl.float32', ALLOW_TF32=True, BLOCK_K=128, BLOCK_M=32, BLOCK_N=32, EVEN_K=True, GROUP_M=8, USE_FAST_ACCUM=False, num_stages=2, num_warps=4
  triton_mm_830 0.0170 ms 72.6% ACC_TYPE='tl.float32', ALLOW_TF32=True, BLOCK_K=32, BLOCK_M=64, BLOCK_N=128, EVEN_K=True, GROUP_M=8, USE_FAST_ACCUM=False, num_stages=4, num_warps=8
  triton_mm_825 0.0177 ms 69.8% ACC_TYPE='tl.float32', ALLOW_TF32=True, BLOCK_K=32, BLOCK_M=64, BLOCK_N=32, EVEN_K=True, GROUP_M=8, USE_FAST_ACCUM=False, num_stages=5, num_warps=8
  triton_mm_833 0.0184 ms 67.1% ACC_TYPE='tl.float32', ALLOW_TF32=True, BLOCK_K=32, BLOCK_M=64, BLOCK_N=64, EVEN_K=True, GROUP_M=8, USE_FAST_ACCUM=False, num_stages=4, num_warps=8
  triton_mm_829 0.0190 ms 64.9% ACC_TYPE='tl.float32', ALLOW_TF32=True, BLOCK_K=32, BLOCK_M=64, BLOCK_N=128, EVEN_K=True, GROUP_M=8, USE_FAST_ACCUM=False, num_stages=3, num_warps=4
  triton_mm_832 0.0198 ms 62.5% ACC_TYPE='tl.float32', ALLOW_TF32=True, BLOCK_K=32, BLOCK_M=64, BLOCK_N=64, EVEN_K=True, GROUP_M=8, USE_FAST_ACCUM=False, num_stages=3, num_warps=4
  triton_mm_824 0.0198 ms 62.4% ACC_TYPE='tl.float32', ALLOW_TF32=True, BLOCK_K=32, BLOCK_M=32, BLOCK_N=64, EVEN_K=True, GROUP_M=8, USE_FAST_ACCUM=False, num_stages=5, num_warps=8
SingleProcess AUTOTUNE benchmarking takes 0.3053 seconds and 0.0002 seconds precompiling for 14 choices
Autotune Choices Stats:
{"num_choices": 14, "num_triton_choices": 13, "best_kernel": "mm", "best_time": 0.014336000196635723, "best_triton_pos": 1, "best_triton_time": 0.025919999927282333, "best_triton_kernel": "triton_mm_838", "best_triton_kernel_desc": "ACC_TYPE='tl.float32', ALLOW_TF32=True, BLOCK_K=32, BLOCK_M=64, BLOCK_N=32, EVEN_K=True, GROUP_M=8, USE_FAST_ACCUM=False, num_stages=5, num_warps=8"}
AUTOTUNE mm(63x3072, 3072x768)
strides: [3072, 1], [1, 3072]
dtypes: torch.bfloat16, torch.bfloat16
  mm 0.0143 ms 100.0% 
  triton_mm_838 0.0259 ms 55.3% ACC_TYPE='tl.float32', ALLOW_TF32=True, BLOCK_K=32, BLOCK_M=64, BLOCK_N=32, EVEN_K=True, GROUP_M=8, USE_FAST_ACCUM=False, num_stages=5, num_warps=8
  triton_mm_836 0.0270 ms 53.1% ACC_TYPE='tl.float32', ALLOW_TF32=True, BLOCK_K=128, BLOCK_M=32, BLOCK_N=32, EVEN_K=True, GROUP_M=8, USE_FAST_ACCUM=False, num_stages=2, num_warps=4
  triton_mm_841 0.0294 ms 48.7% ACC_TYPE='tl.float32', ALLOW_TF32=True, BLOCK_K=64, BLOCK_M=64, BLOCK_N=64, EVEN_K=True, GROUP_M=8, USE_FAST_ACCUM=False, num_stages=3, num_warps=8
  triton_mm_837 0.0320 ms 44.8% ACC_TYPE='tl.float32', ALLOW_TF32=True, BLOCK_K=32, BLOCK_M=32, BLOCK_N=64, EVEN_K=True, GROUP_M=8, USE_FAST_ACCUM=False, num_stages=5, num_warps=8
  triton_mm_846 0.0335 ms 42.8% ACC_TYPE='tl.float32', ALLOW_TF32=True, BLOCK_K=32, BLOCK_M=64, BLOCK_N=64, EVEN_K=True, GROUP_M=8, USE_FAST_ACCUM=False, num_stages=4, num_warps=8
  triton_mm_844 0.0361 ms 39.7% ACC_TYPE='tl.float32', ALLOW_TF32=True, BLOCK_K=64, BLOCK_M=64, BLOCK_N=128, EVEN_K=True, GROUP_M=8, USE_FAST_ACCUM=False, num_stages=3, num_warps=4
  triton_mm_843 0.0362 ms 39.6% ACC_TYPE='tl.float32', ALLOW_TF32=True, BLOCK_K=32, BLOCK_M=64, BLOCK_N=128, EVEN_K=True, GROUP_M=8, USE_FAST_ACCUM=False, num_stages=4, num_warps=8
  triton_mm_845 0.0443 ms 32.3% ACC_TYPE='tl.float32', ALLOW_TF32=True, BLOCK_K=32, BLOCK_M=64, BLOCK_N=64, EVEN_K=True, GROUP_M=8, USE_FAST_ACCUM=False, num_stages=3, num_warps=4
  triton_mm_842 0.0480 ms 29.8% ACC_TYPE='tl.float32', ALLOW_TF32=True, BLOCK_K=32, BLOCK_M=64, BLOCK_N=128, EVEN_K=True, GROUP_M=8, USE_FAST_ACCUM=False, num_stages=3, num_warps=4
SingleProcess AUTOTUNE benchmarking takes 0.3516 seconds and 0.0002 seconds precompiling for 14 choices
Autotune Choices Stats:
{"num_choices": 14, "num_triton_choices": 13, "best_kernel": "triton_mm_786", "best_kernel_desc": "ACC_TYPE='tl.float32', ALLOW_TF32=True, BLOCK_K=32, BLOCK_M=64, BLOCK_N=32, EVEN_K=True, GROUP_M=8, USE_FAST_ACCUM=False, num_stages=5, num_warps=8", "best_time": 0.009568000212311745, "best_triton_pos": 0}
AUTOTUNE mm(63x768, 768x768)
strides: [768, 1], [1, 768]
dtypes: torch.bfloat16, torch.bfloat16
  triton_mm_786 0.0096 ms 100.0% ACC_TYPE='tl.float32', ALLOW_TF32=True, BLOCK_K=32, BLOCK_M=64, BLOCK_N=32, EVEN_K=True, GROUP_M=8, USE_FAST_ACCUM=False, num_stages=5, num_warps=8
  mm 0.0114 ms 84.2% 
  triton_mm_785 0.0114 ms 84.2% ACC_TYPE='tl.float32', ALLOW_TF32=True, BLOCK_K=32, BLOCK_M=32, BLOCK_N=64, EVEN_K=True, GROUP_M=8, USE_FAST_ACCUM=False, num_stages=5, num_warps=8
  triton_mm_794 0.0114 ms 84.0% ACC_TYPE='tl.float32', ALLOW_TF32=True, BLOCK_K=32, BLOCK_M=64, BLOCK_N=64, EVEN_K=True, GROUP_M=8, USE_FAST_ACCUM=False, num_stages=4, num_warps=8
  triton_mm_784 0.0115 ms 83.3% ACC_TYPE='tl.float32', ALLOW_TF32=True, BLOCK_K=128, BLOCK_M=32, BLOCK_N=32, EVEN_K=True, GROUP_M=8, USE_FAST_ACCUM=False, num_stages=2, num_warps=4
  triton_mm_789 0.0115 ms 83.1% ACC_TYPE='tl.float32', ALLOW_TF32=True, BLOCK_K=64, BLOCK_M=64, BLOCK_N=64, EVEN_K=True, GROUP_M=8, USE_FAST_ACCUM=False, num_stages=3, num_warps=8
  triton_mm_791 0.0135 ms 70.7% ACC_TYPE='tl.float32', ALLOW_TF32=True, BLOCK_K=32, BLOCK_M=64, BLOCK_N=128, EVEN_K=True, GROUP_M=8, USE_FAST_ACCUM=False, num_stages=4, num_warps=8
  triton_mm_792 0.0136 ms 70.2% ACC_TYPE='tl.float32', ALLOW_TF32=True, BLOCK_K=64, BLOCK_M=64, BLOCK_N=128, EVEN_K=True, GROUP_M=8, USE_FAST_ACCUM=False, num_stages=3, num_warps=4
  triton_mm_793 0.0145 ms 66.0% ACC_TYPE='tl.float32', ALLOW_TF32=True, BLOCK_K=32, BLOCK_M=64, BLOCK_N=64, EVEN_K=True, GROUP_M=8, USE_FAST_ACCUM=False, num_stages=3, num_warps=4
  triton_mm_790 0.0157 ms 60.8% ACC_TYPE='tl.float32', ALLOW_TF32=True, BLOCK_K=32, BLOCK_M=64, BLOCK_N=128, EVEN_K=True, GROUP_M=8, USE_FAST_ACCUM=False, num_stages=3, num_warps=4
SingleProcess AUTOTUNE benchmarking takes 0.3058 seconds and 0.0002 seconds precompiling for 14 choices
Autotune Choices Stats:
{"num_choices": 14, "num_triton_choices": 13, "best_kernel": "triton_bmm_805", "best_kernel_desc": "ACC_TYPE='tl.float32', ALLOW_TF32=True, BLOCK_K=64, BLOCK_M=64, BLOCK_N=128, EVEN_K=True, GROUP_M=8, USE_FAST_ACCUM=False, num_stages=3, num_warps=4", "best_time": 0.10995200276374817, "best_triton_pos": 0}
AUTOTUNE bmm(196x63x768, 196x768x1536)
strides: [768, 150528, 1], [0, 1, 768]
dtypes: torch.bfloat16, torch.bfloat16
  triton_bmm_805 0.1100 ms 100.0% ACC_TYPE='tl.float32', ALLOW_TF32=True, BLOCK_K=64, BLOCK_M=64, BLOCK_N=128, EVEN_K=True, GROUP_M=8, USE_FAST_ACCUM=False, num_stages=3, num_warps=4
  triton_bmm_803 0.1136 ms 96.8% ACC_TYPE='tl.float32', ALLOW_TF32=True, BLOCK_K=32, BLOCK_M=64, BLOCK_N=128, EVEN_K=True, GROUP_M=8, USE_FAST_ACCUM=False, num_stages=3, num_warps=4
  triton_bmm_804 0.1143 ms 96.2% ACC_TYPE='tl.float32', ALLOW_TF32=True, BLOCK_K=32, BLOCK_M=64, BLOCK_N=128, EVEN_K=True, GROUP_M=8, USE_FAST_ACCUM=False, num_stages=4, num_warps=8
  triton_bmm_808 0.1304 ms 84.3% ACC_TYPE='tl.float32', ALLOW_TF32=True, BLOCK_K=32, BLOCK_M=64, BLOCK_N=128, EVEN_K=True, GROUP_M=8, USE_FAST_ACCUM=False, num_stages=2, num_warps=8
  bmm 0.1311 ms 83.9% 
  triton_bmm_807 0.1333 ms 82.5% ACC_TYPE='tl.float32', ALLOW_TF32=True, BLOCK_K=32, BLOCK_M=64, BLOCK_N=64, EVEN_K=True, GROUP_M=8, USE_FAST_ACCUM=False, num_stages=4, num_warps=8
  triton_bmm_802 0.1339 ms 82.1% ACC_TYPE='tl.float32', ALLOW_TF32=True, BLOCK_K=64, BLOCK_M=64, BLOCK_N=64, EVEN_K=True, GROUP_M=8, USE_FAST_ACCUM=False, num_stages=3, num_warps=8
  triton_bmm_806 0.1344 ms 81.8% ACC_TYPE='tl.float32', ALLOW_TF32=True, BLOCK_K=32, BLOCK_M=64, BLOCK_N=64, EVEN_K=True, GROUP_M=8, USE_FAST_ACCUM=False, num_stages=3, num_warps=4
  triton_bmm_801 0.1518 ms 72.4% ACC_TYPE='tl.float32', ALLOW_TF32=True, BLOCK_K=32, BLOCK_M=64, BLOCK_N=64, EVEN_K=True, GROUP_M=8, USE_FAST_ACCUM=False, num_stages=2, num_warps=4
  triton_bmm_798 0.1917 ms 57.3% ACC_TYPE='tl.float32', ALLOW_TF32=True, BLOCK_K=32, BLOCK_M=32, BLOCK_N=64, EVEN_K=True, GROUP_M=8, USE_FAST_ACCUM=False, num_stages=5, num_warps=8
SingleProcess AUTOTUNE benchmarking takes 0.4967 seconds and 0.0001 seconds precompiling for 14 choices
Autotune Choices Stats:
{"num_choices": 16, "num_triton_choices": 15, "best_kernel": "mm", "best_time": 0.0644799992442131, "best_triton_pos": 1, "best_triton_time": 0.06883200258016586, "best_triton_kernel": "triton_mm_862", "best_triton_kernel_desc": "ACC_TYPE='tl.float32', ALLOW_TF32=True, BLOCK_K=64, BLOCK_M=128, BLOCK_N=128, EVEN_K=True, GROUP_M=8, USE_FAST_ACCUM=False, num_stages=3, num_warps=4"}
AUTOTUNE mm(3087x3072, 3072x896)
strides: [3072, 1], [1, 3072]
dtypes: torch.bfloat16, torch.bfloat16
  mm 0.0645 ms 100.0% 
  triton_mm_862 0.0688 ms 93.7% ACC_TYPE='tl.float32', ALLOW_TF32=True, BLOCK_K=64, BLOCK_M=128, BLOCK_N=128, EVEN_K=True, GROUP_M=8, USE_FAST_ACCUM=False, num_stages=3, num_warps=4
  triton_mm_857 0.0710 ms 90.8% ACC_TYPE='tl.float32', ALLOW_TF32=True, BLOCK_K=64, BLOCK_M=64, BLOCK_N=128, EVEN_K=True, GROUP_M=8, USE_FAST_ACCUM=False, num_stages=3, num_warps=4
  triton_mm_859 0.0750 ms 86.0% ACC_TYPE='tl.float32', ALLOW_TF32=True, BLOCK_K=32, BLOCK_M=128, BLOCK_N=64, EVEN_K=True, GROUP_M=8, USE_FAST_ACCUM=False, num_stages=4, num_warps=8
  triton_mm_856 0.0750 ms 85.9% ACC_TYPE='tl.float32', ALLOW_TF32=True, BLOCK_K=32, BLOCK_M=64, BLOCK_N=128, EVEN_K=True, GROUP_M=8, USE_FAST_ACCUM=False, num_stages=4, num_warps=8
  triton_mm_858 0.0805 ms 80.1% ACC_TYPE='tl.float32', ALLOW_TF32=True, BLOCK_K=32, BLOCK_M=128, BLOCK_N=64, EVEN_K=True, GROUP_M=8, USE_FAST_ACCUM=False, num_stages=3, num_warps=4
  triton_mm_855 0.0831 ms 77.6% ACC_TYPE='tl.float32', ALLOW_TF32=True, BLOCK_K=32, BLOCK_M=64, BLOCK_N=128, EVEN_K=True, GROUP_M=8, USE_FAST_ACCUM=False, num_stages=3, num_warps=4
  triton_mm_861 0.0832 ms 77.5% ACC_TYPE='tl.float32', ALLOW_TF32=True, BLOCK_K=32, BLOCK_M=128, BLOCK_N=128, EVEN_K=True, GROUP_M=8, USE_FAST_ACCUM=False, num_stages=3, num_warps=4
  triton_mm_854 0.0997 ms 64.7% ACC_TYPE='tl.float32', ALLOW_TF32=True, BLOCK_K=64, BLOCK_M=64, BLOCK_N=64, EVEN_K=True, GROUP_M=8, USE_FAST_ACCUM=False, num_stages=3, num_warps=8
  triton_mm_853 0.1010 ms 63.8% ACC_TYPE='tl.float32', ALLOW_TF32=True, BLOCK_K=32, BLOCK_M=64, BLOCK_N=64, EVEN_K=True, GROUP_M=8, USE_FAST_ACCUM=False, num_stages=2, num_warps=4
SingleProcess AUTOTUNE benchmarking takes 0.4825 seconds and 0.2139 seconds precompiling for 16 choices
Autotune Choices Stats:
{"num_choices": 16, "num_triton_choices": 15, "best_kernel": "mm", "best_time": 0.06486400216817856, "best_triton_pos": 1, "best_triton_time": 0.06889600306749344, "best_triton_kernel": "triton_mm_877", "best_triton_kernel_desc": "ACC_TYPE='tl.float32', ALLOW_TF32=True, BLOCK_K=64, BLOCK_M=128, BLOCK_N=128, EVEN_K=False, GROUP_M=8, USE_FAST_ACCUM=False, num_stages=3, num_warps=4"}
AUTOTUNE mm(896x3087, 3087x3072)
strides: [1, 896], [3072, 1]
dtypes: torch.bfloat16, torch.bfloat16
  mm 0.0649 ms 100.0% 
  triton_mm_877 0.0689 ms 94.1% ACC_TYPE='tl.float32', ALLOW_TF32=True, BLOCK_K=64, BLOCK_M=128, BLOCK_N=128, EVEN_K=False, GROUP_M=8, USE_FAST_ACCUM=False, num_stages=3, num_warps=4
  triton_mm_872 0.0696 ms 93.2% ACC_TYPE='tl.float32', ALLOW_TF32=True, BLOCK_K=64, BLOCK_M=64, BLOCK_N=128, EVEN_K=False, GROUP_M=8, USE_FAST_ACCUM=False, num_stages=3, num_warps=4
  triton_mm_874 0.0709 ms 91.5% ACC_TYPE='tl.float32', ALLOW_TF32=True, BLOCK_K=32, BLOCK_M=128, BLOCK_N=64, EVEN_K=False, GROUP_M=8, USE_FAST_ACCUM=False, num_stages=4, num_warps=8
  triton_mm_871 0.0709 ms 91.5% ACC_TYPE='tl.float32', ALLOW_TF32=True, BLOCK_K=32, BLOCK_M=64, BLOCK_N=128, EVEN_K=False, GROUP_M=8, USE_FAST_ACCUM=False, num_stages=4, num_warps=8
  triton_mm_873 0.0715 ms 90.7% ACC_TYPE='tl.float32', ALLOW_TF32=True, BLOCK_K=32, BLOCK_M=128, BLOCK_N=64, EVEN_K=False, GROUP_M=8, USE_FAST_ACCUM=False, num_stages=3, num_warps=4
  triton_mm_870 0.0730 ms 88.9% ACC_TYPE='tl.float32', ALLOW_TF32=True, BLOCK_K=32, BLOCK_M=64, BLOCK_N=128, EVEN_K=False, GROUP_M=8, USE_FAST_ACCUM=False, num_stages=3, num_warps=4
  triton_mm_876 0.0746 ms 87.0% ACC_TYPE='tl.float32', ALLOW_TF32=True, BLOCK_K=32, BLOCK_M=128, BLOCK_N=128, EVEN_K=False, GROUP_M=8, USE_FAST_ACCUM=False, num_stages=3, num_warps=4
  triton_mm_868 0.0944 ms 68.7% ACC_TYPE='tl.float32', ALLOW_TF32=True, BLOCK_K=32, BLOCK_M=64, BLOCK_N=64, EVEN_K=False, GROUP_M=8, USE_FAST_ACCUM=False, num_stages=2, num_warps=4
  triton_mm_869 0.1024 ms 63.3% ACC_TYPE='tl.float32', ALLOW_TF32=True, BLOCK_K=64, BLOCK_M=64, BLOCK_N=64, EVEN_K=False, GROUP_M=8, USE_FAST_ACCUM=False, num_stages=3, num_warps=8
SingleProcess AUTOTUNE benchmarking takes 0.4641 seconds and 0.3868 seconds precompiling for 16 choices
 36%|███▌      | 18/50 [02:13<05:45, 10.79s/it] 38%|███▊      | 19/50 [02:13<03:56,  7.63s/it] 40%|████      | 20/50 [02:13<02:42,  5.42s/it]                                                40%|████      | 20/50 [02:13<02:42,  5.42s/it] 42%|████▏     | 21/50 [02:14<01:52,  3.87s/it] 44%|████▍     | 22/50 [02:14<01:19,  2.82s/it] 46%|████▌     | 23/50 [02:14<00:55,  2.05s/it] 48%|████▊     | 24/50 [02:15<00:39,  1.51s/it] 50%|█████     | 25/50 [02:15<00:28,  1.14s/it] 52%|█████▏    | 26/50 [02:15<00:20,  1.14it/s] 54%|█████▍    | 27/50 [02:15<00:15,  1.44it/s] 56%|█████▌    | 28/50 [02:16<00:12,  1.77it/s] 58%|█████▊    | 29/50 [02:16<00:09,  2.11it/s] 60%|██████    | 30/50 [02:16<00:08,  2.45it/s]                                                60%|██████    | 30/50 [02:16<00:08,  2.45it/s] 62%|██████▏   | 31/50 [02:16<00:06,  2.75it/s] 64%|██████▍   | 32/50 [02:17<00:06,  2.99it/s] 66%|██████▌   | 33/50 [02:17<00:05,  3.21it/s] 68%|██████▊   | 34/50 [02:17<00:05,  3.07it/s] 70%|███████   | 35/50 [02:18<00:04,  3.25it/s] 72%|███████▏  | 36/50 [02:18<00:04,  3.35it/s] 74%|███████▍  | 37/50 [02:18<00:03,  3.46it/s] 76%|███████▌  | 38/50 [02:18<00:03,  3.58it/s] 78%|███████▊  | 39/50 [02:19<00:03,  3.51it/s] 80%|████████  | 40/50 [02:19<00:02,  3.36it/s]                                                80%|████████  | 40/50 [02:19<00:02,  3.36it/s] 82%|████████▏ | 41/50 [02:19<00:02,  3.46it/s] 84%|████████▍ | 42/50 [02:20<00:02,  3.57it/s] 86%|████████▌ | 43/50 [02:20<00:01,  3.59it/s] 88%|████████▊ | 44/50 [02:20<00:01,  3.60it/s] 90%|█████████ | 45/50 [02:20<00:01,  3.64it/s] 92%|█████████▏| 46/50 [02:21<00:01,  3.67it/s] 94%|█████████▍| 47/50 [02:21<00:00,  3.65it/s] 96%|█████████▌| 48/50 [02:21<00:00,  3.71it/s] 98%|█████████▊| 49/50 [02:21<00:00,  3.76it/s]100%|██████████| 50/50 [02:22<00:00,  3.86it/s]                                               100%|██████████| 50/50 [02:22<00:00,  3.86it/s]1 succeeded, 0 failed
* namespace(TILE_M=64, TILE_N=64, num_ctas=1, occupancy=2): 104.5±0.4 us (20 samples)
1 succeeded, 0 failed
* namespace(TILE_M=64, TILE_N=64, num_ctas=1, occupancy=2): 210.2±0.5 us (20 samples)
1 succeeded, 0 failed
* namespace(TILE_M=64, TILE_N=64, num_ctas=1, occupancy=2): 246.5±0.5 us (20 samples)
1 succeeded, 0 failed
* namespace(TILE_M=64, TILE_N=64, num_ctas=1, occupancy=2): 211.5±0.3 us (20 samples)
1 succeeded, 0 failed
* namespace(TILE_M=64, TILE_N=64, num_ctas=1, occupancy=2): 229.0±0.4 us (20 samples)
1 succeeded, 0 failed
* namespace(TILE_M=64, TILE_N=64, num_ctas=1, occupancy=2): 220.5±0.5 us (20 samples)
{'loss': '2.282', 'grad_norm': '2.969', 'learning_rate': '1.897e-05', 'epoch': '0.0003913', 'num_input_tokens_seen': 230400, 'train_runtime': '96.53', 'train_tokens_per_second': '2387'}
1 succeeded, 0 failed
* namespace(TILE_M=64, TILE_N=64, num_ctas=1, occupancy=2): 103.1±0.5 us (20 samples)
{'loss': '2.165', 'grad_norm': '3.078', 'learning_rate': '1.442e-05', 'epoch': '0.0007827', 'num_input_tokens_seen': 458752, 'train_runtime': '134', 'train_tokens_per_second': '3424'}
1 succeeded, 0 failed
* namespace(TILE_M=64, TILE_N=64, num_ctas=1, occupancy=2): 193.6±0.4 us (20 samples)
{'loss': '2.122', 'grad_norm': '3.438', 'learning_rate': '8.049e-06', 'epoch': '0.001174', 'num_input_tokens_seen': 677888, 'train_runtime': '136.7', 'train_tokens_per_second': '4959'}
1 succeeded, 0 failed
* namespace(TILE_M=64, TILE_N=64, num_ctas=1, occupancy=2): 183.6±0.3 us (20 samples)
1 succeeded, 0 failed
* namespace(TILE_M=64, TILE_N=64, num_ctas=1, occupancy=2): 102.8±0.5 us (20 samples)
{'loss': '2.076', 'grad_norm': '3.25', 'learning_rate': '2.482e-06', 'epoch': '0.001565', 'num_input_tokens_seen': 899072, 'train_runtime': '139.5', 'train_tokens_per_second': '6443'}
{'loss': '2.126', 'grad_norm': '3.25', 'learning_rate': '2.141e-08', 'epoch': '0.001957', 'num_input_tokens_seen': 1122304, 'train_runtime': '142.2', 'train_tokens_per_second': '7893'}

Writing model shards:   0%|          | 0/1 [00:00<?, ?it/s][A
Writing model shards: 100%|██████████| 1/1 [00:00<00:00,  1.41it/s][AWriting model shards: 100%|██████████| 1/1 [00:00<00:00,  1.41it/s]
                                               100%|██████████| 50/50 [02:24<00:00,  3.86it/s]100%|██████████| 50/50 [02:24<00:00,  2.89s/it]
>>> Done!
{'train_runtime': '144.3', 'train_samples_per_second': '22.17', 'train_steps_per_second': '0.346', 'train_loss': '2.154', 'epoch': '0.001957', 'num_input_tokens_seen': 1122304}
Writing model shards:   0%|          | 0/1 [00:00<?, ?it/s]Writing model shards: 100%|██████████| 1/1 [00:00<00:00,  1.52it/s]Writing model shards: 100%|██████████| 1/1 [00:00<00:00,  1.52it/s]
>>> Final model saved to ./outputs/siglip2-base-patch16-224_qwen2.5-0.5b-instruct_stage2_20260522_153940/stage2
[W522 15:42:27.694478663 AllocatorConfig.cpp:28] Warning: PYTORCH_CUDA_ALLOC_CONF is deprecated, use PYTORCH_ALLOC_CONF instead (function operator())
